"","estado","iniciado","completo","tempo","termo","idade","sexo","escolaridade","estadocivil","formacao","ocupacao","servico.atuacao","tempo.atuacao","religiao","religiao.outras","contato.tema","lida.com","onde.lida.com","lida.com.outros","pp001","pp002","pp003","pp004","pp005","pp006","pp007","pp008","pp009","pp010","pp011","pp012","pp013","pp014","pp015","pp016","pp017","pp018","pp019","pp020","pp021","pp022","pp023","pp024","pp025","pp026","pp027","pp028","pp029","pp030","pp031","pp032","pp033","pp034","pp035","pp036","pp037","pp038","pp039","pp040","pp041","pp042","pp043"
"1","Em progresso","15 maio 2014  17:54",NA,NA,NA,NA,NA,NA,NA,NA,NA,NA,NA,NA,NA,NA,NA,NA,NA,NA,NA,NA,NA,NA,NA,NA,NA,NA,NA,NA,NA,NA,NA,NA,NA,NA,NA,NA,NA,NA,NA,NA,NA,NA,NA,NA,NA,NA,NA,NA,NA,NA,NA,NA,NA,NA,NA,NA,NA,NA,NA,NA
"2","Finalizadas","15 maio 2014  20:54","15 maio 2014  21:21","27 minutos 32 segundos","Sim","40","Feminino","Pós-graduação","Casado (a)","Mestranda em Educação","Professora","Secretaria de Educação","15","Espírita",NA,"Não","Não",NA,NA,"2","5","3","4","4","4","4","3","4","2","2","4","3","2","2","4","3","3","2","3","2","2","3","2","2","5","1","2","3","2","3","2","3","4","3","3","4","2","2","3","3","2","5"
"3","Finalizadas","15 maio 2014  21:16","15 maio 2014  21:35","18 minutos 50 segundos","Sim","28","Feminino","Pós-graduação","Solteiro (a)","Letras","Professora","Escola publica e particular","5 anos","Católica",NA,"Não","Sim","Escola",NA,"2","5","3","5","5","4","5","4","4","2","3","3","3","4","3","4","3","3","3","4","2","4","3","3","3","4","2","2","2","3","3","1","4","4","4","3","3","2","1","3","3","3","5"
"4","Finalizadas","15 maio 2014  21:18","15 maio 2014  22:05","46 minutos 47 segundos","Sim","58","Feminino","Pós-graduação","Divorciado (a)","Administração de Empresa e Ciencias Contábeis","Contadora e professora","Professor do Estado","+ de 20","Católica",NA,"Não","Não",NA,NA,"1","5","3","5","5","4","4","2","5","2","2","4","2","4","2","4","2","3","3","4","2","2","4","4","2","4","2","2","2","3","2","2","4","4","4","3","4",NA,NA,"2","2","2","4"
"5","Finalizadas","15 maio 2014  21:24","15 maio 2014  21:58","33 minutos 16 segundos","Sim","35","Feminino","Pós-graduação","Solteiro (a)","Professora Tecnologia da Informação - Analista de Sistemas","Professora","Escola Estaduais e Unirio CEDERJ","3","Espírita",NA,"Não","Não",NA,NA,"2","5","3","4","4","3","4","4","4","1","2","2","3","2","2","4","3","4","2","3","2","3","3","2","2","5","1","3","3","3","3","2","3","3","3","4","3","1","1","3","3","2","4"
"6","Finalizadas","15 maio 2014  21:26","15 maio 2014  22:09","42 minutos 15 segundos","Sim","54","Feminino","Pós-graduação","Divorciado (a)","Licenciatura História","Professora","professora","28","Outras","Xamanica","Sim","Sim","Escola",NA,"2","5","3","5","5","5","5","3","5","1","4","4","4","4","4","5","4","3","3","5","2","4","4","4","4","4","1","1","4","3","2","1","3","5","4","3","4","1","1","1","3","2","5"
"7","Finalizadas","15 maio 2014  21:31","15 maio 2014  22:03","32 minutos 10 segundos","Sim","32","Feminino","Pós-graduação","Casado (a)","UFJF","Professora","Educação","oito","Sem religião","ATEU","Sim","Sim","Família","alunos","4","5","4","4","4","4","4","4","4","1","1","2","4","2","3","5","5","5","5","5","3","5","5","5","3","5","1","1","2","4","2","1","5","1","2","1","5","1","2","4","5","5","5"
"8","Finalizadas","15 maio 2014  21:37","15 maio 2014  21:47","9 minutos 50 segundos","Sim","33","Feminino","Ensino Superior Completo","Casado (a)","Pedagogia","Professor","Professor","17","Católica",NA,"Sim","Sim","Escola",NA,"3","4","2","4","3","2","4","2","3","2","1","3","3","3","3","2","1","1","3","4","4","3","2","3","3","4","2","4","2","3","3","4","4","2","3","2","4","3","4","3","3","3","4"
"9","Finalizadas","15 maio 2014  21:45","15 maio 2014  21:55","9 minutos 16 segundos","Sim","28","Feminino","Pós-graduação","Solteiro (a)","Mestrado em Estudos Literários","professora de português","professora","5","Espírita",NA,"Não","Sim","Família",NA,"3","3","3","3","3","4","4","2","4","1","2","3","4","3","3","4","2","2","2","4","4","4","3","3","4","4","2","3","1","2","4","2","3","4","3","2","2","3","2","3","3","3","4"
"10","Finalizadas","15 maio 2014  21:57","15 maio 2014  22:19","22 minutos 24 segundos","Sim","39","Feminino","Pós-graduação","Casado (a)","Mestrado em História","Professora de História","Professora da Rede Municipal de Juiz de Fora/ Projovem Urbano","1","Evangélica",NA,"Não","Não",NA,NA,"1","5","4","5","5","4","5","2","5","2","2","4","4","4","4","5","2","4","4","5","2","4","4","4","4","4","1","2","2","4","2","1","4","4","4","3","2","1","1","2","4","2","5"
"11","Finalizadas","15 maio 2014  22:16","15 maio 2014  22:54","38 minutos 26 segundos","Sim","trinta e cinco anos","Feminino","Pós-graduação","Casado (a)","Pedagoga- Especialista em Educação Especial","Professora -Pedagoga e Diretora Escolas","Servidora pública municipal- Pedagoga","dezoito anos","Católica","*********************************","Sim","Sim","Família","****************************","1","5","2","4","5","4","4","2","2","2","2","4","2","4","2","5","2","2","4","5","1","4","4","4","4","5","1","2","2","4","2","1","4","4","4","2","2","1","1","2","4","2","4"
"12","Finalizadas","15 maio 2014  22:25","15 maio 2014  22:41","15 minutos 58 segundos","Sim","62","Feminino","Pós-graduação","Outros","Graduada em Pedagogia e Pós Graduada em Supervisão, Gestão ,Inspeção e Orientação Educacional","Professora","E.E. de Ensino Fundamental e Médio Professor José Edson Cavaliere- EJA- PJEC","42","Católica",NA,"Sim","Não",NA,NA,"1","5","3","5","5","5","5","3","5","1","4","5","5","5","5","5","5","4","4","5","1","5","4","5","5","5","1","3","4","5","1","1","5","4","5","3","5","1","1","1","3","1","5"
"13","Finalizadas","15 maio 2014  22:41","15 maio 2014  23:29","48 minutos 10 segundos","Sim","50 anos","Feminino","Pós-graduação","Outros",NA,NA,NA,"15 nos","Católica",NA,"Sim","Sim","Família",NA,"3","4","3","4","4","3","3","3","3","4","4","4","3","4","3","4","4","5","4","4","3","3","4","4","4","3","2","2","3","3","3","2","4","5","4","5","4","2","2","3","4","3","3"
"14","Finalizadas","15 maio 2014  22:56","15 maio 2014  23:25","28 minutos 55 segundos","Sim","27","Feminino","Pós-graduação","Solteiro (a)","Pedagogia","Professora","Educação","9 anos","Evangélica",NA,"Sim","Não",NA,NA,"2","5","2","5","5","5","5","4","5","1","4","4","2","4","5","5","4","1","1","5","3","3","3","5","4","5","1","1","4","4","3","5","5","5","5","1","5","1","1","1","4","2","5"
"15","Finalizadas","15 maio 2014  22:57","15 maio 2014  23:20","23 minutos 23 segundos","Sim","32","Feminino","Pós-graduação","Solteiro (a)","Normal Superior e Filosofia","Professora","Escolas públicas","7","Católica","não","Não","Sim","Escola","não","2","4","4","5","4","4","5","3","5","1","2","2","2","2","2","5","1","2","3","5","2","4","4","4","4","4","1","1","1","4","3","1","3","4","3","2","4","3","2","2","4","2","5"
"16","Finalizadas","15 maio 2014  23:17","15 maio 2014  23:48","31 minutos 19 segundos","Sim","48","Feminino","Pós-graduação","Casado (a)","Licenciatura plena em matemática","Professora de Matemática","Escola Municipal","19","Católica",NA,"Sim","Sim","Escola",NA,"1","4","4","4","5","4","5","3","4","1","4","4","4","3","4","4","3","4","4","4","2","4","4","4","4","5","1","1","3","4","3","1","5","5","4","4","4","3","2","2","2","2","4"
"17","Finalizadas","15 maio 2014  23:20","16 maio 2014  00:13","53 minutos 27 segundos","Sim","49","Feminino","Pós-graduação","Divorciado (a)","matematica e cieências contábeis","professora","SEEMG","29","Evangélica","batista","Sim","Sim","Escola","alunos e familiaresdeles","2","4","3","4","4","4","4","2","4","4","3","3","2","4","3","4","4","5","4","4","3","4","4","4","4","4","5","4","3","3","2","2","4","4","4","2","4","2","2","2","3","2","4"
"18","Finalizadas","15 maio 2014  23:23","15 maio 2014  23:40","17 minutos 35 segundos","Sim","30","Feminino","Pós-graduação","Outros","Pedagoga, Especialista em Alfabetização e Linguagem, Mestre em Educação","Supervisora Pedagógica","Supervisora Pedagógica","6","Católica",NA,"Não","Sim","Outros","Família e trabalho","2","4","3","4","4","4","4","2","4","2","3","3","3","4","4","4","4","2","4","4","2","4","4","4","4","4","2","2","3","4","2","2","4","4","4","4","4","2","2","2","4","2","5"
"19","Finalizadas","15 maio 2014  23:49","16 maio 2014  00:01","11 minutos 49 segundos","Sim","34","Feminino","Pós-graduação","Divorciado (a)","Mestre em psicologia","Psicóloga","Servico de Convivência e fortalecimento de vínculos - Assistência Social PJF","7","Outras","Protestante","Sim","Sim","Outros","Servicos de assistência social","1","5","4","4","5","4","5","1","4","1","4","4","1","4","4","5","4","2","5","5","1","4","4","5","5","5","1","3","4","4","2","1","5","5","5","2","4","1","1","2","4","1","5"
"20","Finalizadas","15 maio 2014  23:58","16 maio 2014  19:09","19 horas 10 minutos","Sim","31","Feminino","Pós-graduação","Solteiro (a)","Filosofia","Professora","Professora regente de filosofia","5","Católica","------------","Não","Sim","Família","-------------------","3","5","5","5","5","3","5","3","4","2","1","2","3","2","4","2","3","4","2","4","5","3","3","5","5","4","2","3","2","3","4","2","4","4","4","3","4","4","3","2","3","3","4"
"21","Finalizadas","16 maio 2014  00:00","16 maio 2014  00:10","10 minutos 18 segundos","Sim","40","Feminino","Pós-graduação","Divorciado (a)","Graduação em História","Professora","Professora","10","Sem religião",NA,"Sim","Sim","Outros",NA,"2","5","1","5","5","5","5","2","5","2","4","4","4","2","2","5","4","4","2","5","1","4","4","5","2","5","1","1","2","5","4","1","4","5","2","1","5","1","2","2","2","1","4"
"22","Finalizadas","16 maio 2014  01:49","16 maio 2014  02:11","22 minutos 2 segundos","Sim","34","Feminino","Ensino Superior Completo","Solteiro (a)","Filosofia","Professora","Professora","4 anos","Sem religião","nenhuma","Sim","Sim","Escola","x","1","5","2","3","4","3","3","3","3","2","2","3","3","3","3","2","3","4","3","3","3","4","3","4","3","4","2","3","3","2","3","3","3","3","3","3","5","2","2","3","3","3","4"
"23","Finalizadas","16 maio 2014  05:47","16 maio 2014  06:02","14 minutos 40 segundos","Sim","35 anos","Feminino","Pós-graduação","Casado (a)","Letras inglês","Professora","Ensino","15 anos","Espírita",NA,"Sim","Sim","Escola",NA,"1","3","2","3","4","4","4","3","4","1","2","3","3","3","3","4","2","2","2","4","1","4","3","2","2","4","1","1","2","2","2","2","4","3","3","3","3","2","2","3","2","2","5"
"24","Finalizadas","16 maio 2014  06:12","16 maio 2014  07:03","50 minutos 30 segundos","Sim","40","Feminino","Pós-graduação","Solteiro (a)","Pedagogia","Professora",NA,"5","Católica",NA,"Não","Sim","Família",NA,"4","4","3","4","4","3","4","3","4","1","1","2","2","2","1","3","1","3","1","3","2","3","3","1","1","1","1","3","1","1","3","2","2","3","3","3","2","3","3","4","3","3","4"
"25","Finalizadas","16 maio 2014  07:24","16 maio 2014  07:38","14 minutos 25 segundos","Sim","40","Feminino","Pós-graduação","Solteiro (a)","Letras","professora",NA,"16","Espírita",NA,"Sim","Sim","Escola",NA,"2","5","2","5","5","2","5","3","4","1","2","4","3","4","4","4","3","4","4","4","3","4","3","5","4","5","1","3","2","3","3","1","5","4","4","2","4","1","1","2","2","2","4"
"26","Em progresso","16 maio 2014  07:57",NA,NA,NA,NA,NA,NA,NA,NA,NA,NA,NA,NA,NA,NA,NA,NA,NA,NA,NA,NA,NA,NA,NA,NA,NA,NA,NA,NA,NA,NA,NA,NA,NA,NA,NA,NA,NA,NA,NA,NA,NA,NA,NA,NA,NA,NA,NA,NA,NA,NA,NA,NA,NA,NA,NA,NA,NA,NA,NA,NA
"27","Finalizadas","16 maio 2014  09:15","16 maio 2014  09:27","11 minutos 42 segundos","Sim","28","Feminino","Pós-graduação","Outros","Ciências Biológicas","Professora","Escola","4","Espírita",NA,"Sim","Sim","Escola",NA,"1","5","3","4","4","3","4","4","4","3","3","4","2","4","2","4","3","4","3","4","4","4","3","4","3","4","2","2","4","3","2","2","3","4","3","3","4","2","4","3","2","2","4"
"28","Finalizadas","16 maio 2014  09:32","16 maio 2014  09:39","7 minutos 22 segundos","Sim","39","Feminino","Pós-graduação","Solteiro (a)","Doutorado em Letras- Puc Rio","Professora Ifet-Ouro Branco","Professora Ifet-Ouro Branco","4","Espírita",NA,"Não","Não",NA,NA,"2","5","2","5","5","5","5","3","5","1","2","4","4","5","3","5","5","3","4","5","1","5","4","4","3","4","1","1","5","3","3","5","5","4","3","3","5","2","2","2","4","3","5"
"29","Finalizadas","16 maio 2014  09:54","16 maio 2014  10:27","33 minutos 8 segundos","Sim","37 anos","Feminino","Pós-graduação","Solteiro (a)","Dirieto","Professora ensino superior","Docência do Ensino Superior","6 anos","Católica",NA,"Sim","Não",NA,NA,"3","5","2","4","4","3","5","3","4","2","2","2","2","2","1","4","2","1","1","4","2","3","4","2","4","4","2","2","2","2","3","2","2","2","2","4","3","3","2","3","2","3","4"
"30","Finalizadas","16 maio 2014  09:55","16 maio 2014  10:27","32 minutos 34 segundos","Sim","53","Feminino","Pós-graduação","Casado (a)","mestrado completo","autônoma","artesã","14","Outras","Candomblé","Sim","Sim","Outros","Viainhança, ex-alunos, atendimentos pela ONG.","1","5","3","5","5","4","5","3","4","1","2","4","3","4","3","4","3","2","4","4","2","5","4","5","4","5","1","2","2","4","2","1","4","4","3","3","4","2","1","2","3","2","5"
"31","Finalizadas","16 maio 2014  10:28","16 maio 2014  11:03","35 minutos 9 segundos",NA,NA,NA,NA,"Divorciado (a)","Letrsd","Professora","Professora: trabalhando com Leitura e Produção","24","Sem religião","Já respondida","Sim","Sim","Família","Já respondida","2","4","2","4","4","2","4","3","5","1","2","4","5","3","2","5","2","3","3","5","1","5","4","3","5","5","2","1","5","2","5","1","4","5","4","5","3","2","1","2","2","2","3"
"32","Em progresso","16 maio 2014  10:33",NA,NA,NA,NA,NA,NA,NA,NA,NA,NA,NA,NA,NA,NA,NA,NA,NA,NA,NA,NA,NA,NA,NA,NA,NA,NA,NA,NA,NA,NA,NA,NA,NA,NA,NA,NA,NA,NA,NA,NA,NA,NA,NA,NA,NA,NA,NA,NA,NA,NA,NA,NA,NA,NA,NA,NA,NA,NA,NA,NA
"33","Finalizadas","16 maio 2014  11:11","20 maio 2014  20:09","4 dias 8 horas","Sim","45","Feminino","Pós-graduação","Solteiro (a)","Pedagogia","Supervisora pedagógica e professora","Supervisora pedagógica e professora","9","Católica","não há","Sim","Não","Escola","nenhum","2","5","3","4","5","5","5","3","5","2","4","4","4","4","4","4","3","3","4","5","2","4","4","4","3","4","1","1","3","2","3","2","4","4","4","3","3","2","2","2","4","2","4"
"34","Finalizadas","16 maio 2014  11:18","16 maio 2014  11:30","12 minutos 56 segundos","Sim","52","Feminino","Pós-graduação","Divorciado (a)","Letras","Professora","Escola da Rede Municipal de Juiz de Fora","30","Evangélica","Evangélica","Sim","Sim","Outros","na família e na escola","1","5","5","5","5","5","5","5","5","1","5","5","5","5","5","5","5","1","3","5","1","5","5","5","5","5","1","5","5","5","1","1","5","5","5","3","5","1","3","1","5","1","5"
"35","Finalizadas","16 maio 2014  12:06","16 maio 2014  12:20","13 minutos 11 segundos","Sim","54","Masculino","Pós-graduação","Divorciado (a)","Engenheiro Eletricmáticaista","Professor de Mate","Professor e Diretor","35 anos","Católica",NA,"Sim","Não",NA,NA,"2","5","3","5","5","5","5","3","5","3","2","3","5","2","1","5","2","4","1","5","5","3","5","4","3","5","1","1","2","5","1","1","4","5","4","4","4","3","1","2","4","1","5"
"36","Finalizadas","16 maio 2014  12:15","16 maio 2014  12:49","33 minutos 48 segundos","Sim","41","Masculino","Ensino Superior Completo","Casado (a)","Licenciatura Plena em Química-UFJF.","AGENTE SÓCIO EDUCATIVO SEDS/MG - E TUTOR EaD do Curso de Prevenção do Uso de Drogas para educadores de escolas públicas.","SEDS E EDUCAÇÃO","19","Católica",NA,"Sim","Sim","Outros","CSE/JF - E ESCOLAS PÚBLICAS","2","4","3","4","4","3","4","3","4","2","3","4","4","4","4","4","4","4","4","4","2","4","4","4","4","4","1","1","5","4","1","1","4","4","4","4","4","1","1","2","4","2","5"
"37","Finalizadas","16 maio 2014  12:39","16 maio 2014  12:47","8 minutos 40 segundos","Sim","42","Feminino","Pós-graduação","Casado (a)","História","Professora","Professora de História do ensino fundamental","22","Católica",NA,"Sim","Sim","Escola",NA,"2","4","4","4","4","4","4","3","4","2","2","4","3","2","2","4","3","3","2","4","2","4","4","4","2","4","2","4","3","4","2","2","4","4","3","3","4","2","2","3","2","2","4"
"38","Finalizadas","16 maio 2014  12:49","16 maio 2014  13:04","14 minutos 18 segundos","Sim","43","Feminino","Pós-graduação","Solteiro (a)","Educação Artística (habilitação Artes Plásticas)","Administradora comércio eletrônico e Tutora","Comércio eletrônico e educação","18","Católica",NA,"Não","Não",NA,NA,"2","4","1","4","4","4","5","2","4","1","2","4","4","4","4","4","2","4","4","4","2","4","4","4","4","4","1","2","1","4","2","2","4","4","4","4","2","2","2","2","4","2","4"
"39","Finalizadas","16 maio 2014  13:29","16 maio 2014  13:37","8 minutos 25 segundos","Sim","38","Masculino","Pós-graduação","Casado (a)","Mestrado","Professor","PROFESSOR","18","Católica",NA,"Sim","Sim","Família",NA,"2","4","4","4","4","3","4","3","4","2","2","4","3","2","2","3","3","3","3","4","2","3","4","4","3","4","2","2","3","4","2","4","3","3","3","3","3","3","3","3","3","3","4"
"40","Finalizadas","16 maio 2014  13:37","16 maio 2014  14:06","29 minutos 17 segundos","Sim","43","Feminino","Pós-graduação","Solteiro (a)","Especialista em Gestão de Saúde Pública","Bióloga e professora de biologia/ciências","ESCOLA ESTADUAL PEDRO DE ALCÂNTARA NOGUEIRA","18","Evangélica","IBL","Sim","Sim","Escola","Na escola, bairro e associações específicas.","1","5","2","4","5","3","5","2","5","2","3","4","2","4","3","4","3","3","5","5","1","5","4","5","4","5","1","1","3","4","2","1","4","4","5","3","4","1","1","2","1","2","2"
"41","Em progresso","16 maio 2014  13:57",NA,NA,NA,NA,NA,NA,NA,NA,NA,NA,NA,NA,NA,NA,NA,NA,NA,NA,NA,NA,NA,NA,NA,NA,NA,NA,NA,NA,NA,NA,NA,NA,NA,NA,NA,NA,NA,NA,NA,NA,NA,NA,NA,NA,NA,NA,NA,NA,NA,NA,NA,NA,NA,NA,NA,NA,NA,NA,NA,NA
"42","Finalizadas","16 maio 2014  13:58","16 maio 2014  14:06","7 minutos 12 segundos","Sim","47","Feminino","Pós-graduação","Casado (a)","História","Consultora","Consultoria","4","Sem religião",NA,"Não","Não",NA,NA,"1","5","3","5","5","3","5","3","5","2","1","4","4","3","3","5","4","2","4","5","3","4","4","4","5","5","2","1","2","3","3","1","4","3","4","3","3","3","1","3","4","3","5"
"43","Finalizadas","16 maio 2014  14:03","16 maio 2014  15:36","1 hora 33 minutos","Sim","29","Feminino","Pós-graduação","Casado (a)","Especialista em Supervisão e Inspeção Escolar","Monitora","Monitoria","7","Evangélica",NA,"Não","Não","Outros","--","2","4","3","4","4","4","4","3","4","3","3","4","3","4","3","4","4","3","3","4","2","4","4","4","4","4","3","2","3","3","3","2","3","4","4","3","4","2","2","3","3","2","4"
"44","Finalizadas","16 maio 2014  14:05","16 maio 2014  14:30","25 minutos 2 segundos","Sim","46","Masculino","Pós-graduação","Casado (a)","Direito","Advogado e Professor","Advocacia e Docência","15","Católica",NA,"Não","Não",NA,NA,"2","4","2","4","4","3","4","3","4","2","2","2","2","2","4","4","2","3","2","4","3","2","3","3","3","4","2","2","2","2","3","2","3","3","3","2","3","2","2","4","2","4","4"
"45","Em progresso","16 maio 2014  14:08",NA,NA,NA,NA,NA,NA,NA,NA,NA,NA,NA,NA,NA,NA,NA,NA,NA,NA,NA,NA,NA,NA,NA,NA,NA,NA,NA,NA,NA,NA,NA,NA,NA,NA,NA,NA,NA,NA,NA,NA,NA,NA,NA,NA,NA,NA,NA,NA,NA,NA,NA,NA,NA,NA,NA,NA,NA,NA,NA,NA
"46","Finalizadas","16 maio 2014  14:08","16 maio 2014  14:18","9 minutos 32 segundos","Sim","30","Feminino","Pós-graduação","Solteiro (a)","Bióloga","Tecnica admininstrativa em Educação da UFJF","Assistente em administração","3","Espírita",NA,"Sim","Não",NA,NA,"2","4","2","5","5","4","4","3","4","1","2","4","3","3","3","4","3","2","2","4","2","3","3","3","3","4","1","2","2","3","3","2","3","3",NA,"3","4","2","1","3","3","3","5"
"47","Finalizadas","16 maio 2014  14:11","16 maio 2014  14:25","14 minutos 20 segundos","Sim","28","Feminino","Pós-graduação","Solteiro (a)","Letras - habilitação em Língua Portuguesa. Especialização em História e Cultura afrobrasileira e africana.","professor de educação básica","professor","4 anos","Evangélica",NA,"Sim","Sim","Escola",NA,"1","5","2","5","5","4","5","4","5","2","2","4","4","4","3","4","2","1","2","5","2","5","5","4","4","5","1","4","2","2","4","1","4","4","4","2","4","2","4","2","4","2","5"
"48","Finalizadas","16 maio 2014  15:02","16 maio 2014  15:22","19 minutos 13 segundos","Sim","50","Masculino","Pós-graduação","Outros","Licenciatura em Geografia","Professor","Professor de escolas públicas (municipal/estadual) e rede privada.","10","Católica","Católica","Sim","Não","Outros","não lido","2","5","1","5","5","4","5","1","5","1","1","5","2","4","5","4","4","4","4","4","2","5","5","4","4","4","1","1","4","4","2","2","4","4","4","5","4","1","1","1","4","1","5"
"49","Finalizadas","16 maio 2014  15:14","16 maio 2014  15:19","5 minutos 35 segundos","Sim","27","Feminino","Pós-graduação","Casado (a)","Química","Estudante","Professora","1","Católica",NA,"Não","Não",NA,NA,"3","5","2","4","4","4","4","3","4","2","2","3","3","3","3","3","3","3","3","4","3","3","3","3","2","4","2","2","3","3","3","3","3","4","3","3","3","3","2","3","3","3","4"
"50","Finalizadas","16 maio 2014  15:32","16 maio 2014  15:45","12 minutos 25 segundos","Sim","27","Feminino","Pós-graduação","Outros","Ciências Sociais","Professora e pesquisadora","Professora ensino médio","5","Outras","Santo Daime","Sim","Não","Serviços de Saúde","Escola","1","5","2","5","5","5","5","1","5","2","2","5","5","4","2","5","2","4","4","5","1","5","5","4","4","4","1","2","2","4","2","1","4","5","4","4","5","1","1","1","4","1","5"
"51","Finalizadas","16 maio 2014  15:54","16 maio 2014  16:03","9 minutos 59 segundos","Sim","61","Feminino","Pós-graduação","Solteiro (a)","LICENCIATURA PLENA EM HISTÓRIA","DIRETORA DE PATRIMÔNIO HISTÓRICO DA PREFEITURA MUNICIPAL DE BICAS","SECRETARIA DE CULTURA","15","Católica","RESPONDIDA","Sim","Não","Outros","NA COMUNIDADE","1","4","2","4","4","4","5","2","5","2","2","4","2","4","4","4","2","4","4","4","2","4","4","4","4","5","2","1","4","4","2","2","4","4","4","2","4","1","1","2","2","2","5"
"52","Finalizadas","16 maio 2014  16:08","16 maio 2014  16:37","28 minutos 57 segundos","Sim","vinte e nove","Feminino","Pós-graduação","Casado (a)","Ciências Biológicas","professora e tutora à distância","professora","aproximadamente 6 anos","Evangélica",NA,"Sim","Sim","Escola",NA,"4","4","1","5","5","4","5","3","4","1","4","5","4","4","4","4","4","4","4","4","2","4","4","5","4","5","1","1","3","4","3","5","5","4","5","3","4","4","3","2","3","3","4"
"53","Finalizadas","16 maio 2014  16:25","16 maio 2014  16:41","15 minutos 34 segundos","Sim","40","Masculino","Pós-graduação","Solteiro (a)","Bacharel e licenciado em Quimica, Pós em Metodologia de ensino","professor","publico","15","Católica",NA,"Sim","Sim","Escola",NA,"2","5","4","5","4","5","5","5","5","4","5","5","5","5","5","4","5","5","4","5","4","5","5","4","4","5","2","2","5","4","1","1","4","5","5","4","5","3","2","2","4","1","5"
"54","Finalizadas","16 maio 2014  16:41","16 maio 2014  17:02","20 minutos 48 segundos","Sim","37","Feminino","Pós-graduação","Solteiro (a)","Bacharel Psicologia","Servidora Pública","Analista Executivo - Psicóloga","6","Católica","Não se aplica","Sim","Não","Outros","Não entendi... É continuação da anterior?","1","5","3","5","5","5","5","2","4","1","2","4","2","3","5","5","4","3","3","5","2","2","3","4","2","4","1","1","2","3","2","1","4","3","3","2","4","1","1","3","3","2","5"
"55","Finalizadas","16 maio 2014  16:44","16 maio 2014  16:55","11 minutos 3 segundos","Sim","36","Feminino","Pós-graduação","Casado (a)","Pedagogia","Professora","Professora regente alfabetização","7","Católica",NA,"Não","Não",NA,NA,"1","5","4","5","5","5","5","3","5","2","2","4","4","4","4","5","3","3","3","5","1","4","5","4","4","5","1","2","2","2","2","1","4","4","2","3","4","1","1","2","3","2","5"
"56","Finalizadas","16 maio 2014  18:07","16 maio 2014  18:18","11 minutos 24 segundos","Sim","47","Masculino","Pós-graduação","Solteiro (a)","Historiador","funcionário público professor","Secretaria de Educação da mInas Gerais","15","Católica","nenhuma","Sim","Sim","Escola","nenhuma","2","5","3","5","5","4","5","2","5","1","2","4","2","4","2","4","4","5","2","4","2","4","4","5","4","5","1","1","2","4","1","1","4","4","5","4","4","1","2","2","4","1","5"
"57","Finalizadas","16 maio 2014  18:33","20 maio 2014  18:22","3 dias 23 horas","Sim","51","Feminino","Pós-graduação","Casado (a)","Pós graduação","`  Professora","Professora","29","Católica","católica","Sim","Sim","Família","escola","1","5","3","5","5","5","5","3","4","2","2","4","2","4","5","4","2","4","4","5","4","5","4","4","4","4","2","2","3","4","2","2","4","4","4","3","4","3","4","2","4","2","5"
"58","Finalizadas","16 maio 2014  18:38","16 maio 2014  18:48","10 minutos 28 segundos","Sim","50","Masculino","Pós-graduação","Divorciado (a)","Ciências Biológicas/Educação Ambiental","Professor","Educação pública e privada","25","Espírita",NA,"Sim","Sim","Escola",NA,"1","5","4",NA,"5","4","5","2","1","1","2","5","4","5","4","4","4","1","2","4","1","4","4","5","5","5","1","1","2","4","2","1","4","4","4","2","4","1","2","2","1","1","5"
"59","Finalizadas","16 maio 2014  18:48","16 maio 2014  19:00","11 minutos 47 segundos","Sim","42","Feminino","Pós-graduação","Solteiro (a)","Graduada em Letras","Professora","Secretaria Estadual De Educação","12 anos","Sem religião",NA,"Não","Sim","Escola",NA,"1","5","2","5","5","5","5","1","5","1","2","4","3","5","5","5","2","2","3","5","5","4","4","4","3","5","1","2","1","4","2","1","4","3","4","2","4","2","2","2","2","2","4"
"60","Finalizadas","16 maio 2014  19:16","16 maio 2014  19:26","10 minutos 13 segundos","Sim","49","Masculino","Pós-graduação","Casado (a)","Mestrado em Administração","Administrador","Departamento de Pessoal","4","Sem religião",NA,"Não","Não",NA,NA,"2","5","4","5","5","5","5","4","5","1","1","4","4","3","4","5","3","3","1","5","3","4","4","2","2","4","3","3","2","2","3","1","3","4","3","3","4","2","2","3","3","4","5"
"61","Finalizadas","16 maio 2014  19:29","16 maio 2014  20:09","39 minutos 34 segundos","Sim","42","Feminino","Pós-graduação","Solteiro (a)","Educação Física","Professora","Prefeitura de Juiz de Fora","doze anos","Evangélica",NA,"Sim","Sim","Escola",NA,"2","4","2","4","4","3","4","4","4","2","2","4","4","2","2","4","4","4","2","4","2","2","4","4","4","4","2","2","2","4","2","2","4","4","4","2","4","2","2","2","4","2","4"
"62","Finalizadas","16 maio 2014  19:30","16 maio 2014  19:49","18 minutos 36 segundos","Sim","42 anos","Feminino","Pós-graduação","Casado (a)","Pedagogia e Especialista em Gestão Escolar","Coordenadora Pedagógica","Coordenação da área pedagógica no ensino fundamental anos finais","14 anos","Católica","Nenhuma","Sim","Sim","Escola","Nenhum","1","5","2","5","5","4","5","3","5","1","1","5","4","5","5","5","4","5","5","5","2","5","5","5","5","5","1","1","2","5","1","1","5","5","5","3","3","1","1","1","2","1","5"
"63","Finalizadas","16 maio 2014  19:30","20 maio 2014  22:17","4 dias 2 horas","Sim","37","Masculino","Pós-graduação","Casado (a)","Professor de educação física","professor","professor ensino fundamental da rede estadual.","8","Católica",NA,"Sim","Sim","Família",NA,"4","4","2","4","4","4","4","3","4","2","4","4","4","4","3","4","3","4","4","4","2","4","4","3","3","4","2","2","3","3","4","2","4","4","4","3","3","2","2","2","3","2","5"
"64","Finalizadas","16 maio 2014  20:34","21 maio 2014  18:28","4 dias 21 horas","Sim","54","Feminino","Pós-graduação","Casado (a)","Graduada em Pedagogia, Pós graduada em Psicopedagogia","Coordenador Pedagógico da Prefeitura de Juiz de Fora/MG","Departamento de Educação Infantil da Secretaria de Educação de Juiz de Fora/MG","31","Católica",NA,"Não","Não",NA,NA,"4","4","2","4","4","4","4","2","2","2","2","4","4","4","4","4","4","4","4","4","2","4","4","4","4","4","2","2","2","2","4","2","4","4","4","4","4","2","2","2","4","2","4"
"65","Finalizadas","16 maio 2014  20:34","16 maio 2014  20:45","10 minutos 20 segundos","Sim","48 anos","Feminino","Pós-graduação","Divorciado (a)","Pedagoga","Coordenadora pedagógica","Professora e coordenadora","30 anos","Espírita",NA,"Não","Não",NA,NA,"1","5","4","5","5","5","5","1","5","1","2","2","2","1","5","5","5","1","1","4","1","2","4","1","1","5","1","1","2","1","2","1","1","4","1","4","4","1","1","3","4","2","5"
"66","Finalizadas","16 maio 2014  21:01","16 maio 2014  21:13","12 minutos 3 segundos","Sim","38","Feminino","Pós-graduação","Casado (a)","Licenciatura em Geografia e Especialização em Geografia","Professora","Professora","18 anos","Evangélica","não","Sim","Sim","Família","escola, família e vizinhos","1","5","4","5","5","5","5","4","5","3","2","3","3","4","4","4","3","3","3","5","2","4","4","4","4","4","1","2","2","3","2","1","4","3","3","4","4","4","2","2","3","3","4"
"67","Finalizadas","16 maio 2014  21:17","16 maio 2014  21:30","13 minutos 30 segundos","Sim","39","Feminino","Pós-graduação","Casado (a)","Mestre em Teoria da  Literatura.","Professora","Professora","8 anos","Católica","Não","Sim","Sim","Família","Não","2","4","2","4","4","4","4","2","4","2","2","4","4","2","4","4","2","2","2",NA,"2","4","4","4","2","4","2","2","2","2","2","2","4","4","4","2","2","4","2","4","4","2","4"
"68","Finalizadas","16 maio 2014  21:51","20 maio 2014  21:49","3 dias 23 horas","Sim","50","Feminino","Pós-graduação","Casado (a)","Licenciatura em História e em Geografia","Professora","Professora","22","Católica",NA,"Sim","Não",NA,NA,"2","4","3","4","5","4","4","3","4","2","3","4","4","4","4","4","2","4","4","4","2","4","4","4","4","4","2","2","3","4","4","2","4","4","4","4","3","2","2","2","3","2","3"
"69","Em progresso","16 maio 2014  22:40",NA,NA,NA,NA,NA,NA,NA,NA,NA,NA,NA,NA,NA,NA,NA,NA,NA,NA,NA,NA,NA,NA,NA,NA,NA,NA,NA,NA,NA,NA,NA,NA,NA,NA,NA,NA,NA,NA,NA,NA,NA,NA,NA,NA,NA,NA,NA,NA,NA,NA,NA,NA,NA,NA,NA,NA,NA,NA,NA,NA
"70","Em progresso","16 maio 2014  22:40",NA,NA,NA,NA,NA,NA,NA,NA,NA,NA,NA,NA,NA,NA,NA,NA,NA,NA,NA,NA,NA,NA,NA,NA,NA,NA,NA,NA,NA,NA,NA,NA,NA,NA,NA,NA,NA,NA,NA,NA,NA,NA,NA,NA,NA,NA,NA,NA,NA,NA,NA,NA,NA,NA,NA,NA,NA,NA,NA,NA
"71","Finalizadas","16 maio 2014  22:48","16 maio 2014  23:19","30 minutos 53 segundos","Sim","45","Feminino","Pós-graduação","Casado (a)","Licenciatura Plena em Letras - Inglês e Português","Professora","Professora das redes públicas municipal e estadual","14","Católica",NA,"Sim","Sim","Outros","Escola Estadual José Edson Cavalieri (Penitenciária)","4","4","3","4","5","4","5","3","5","1","4","5","5","4","3","5","5","4","4","5","1","5","5","5","5","5","1","1","5","5","1","1","5","5","5","5","5","1","1","1","2","1","5"
"72","Finalizadas","17 maio 2014  00:03","17 maio 2014  18:18","18 horas 14 minutos","Sim","58","Feminino","Pós-graduação","Casado (a)","pedagoga, psicopedagoga","professora, tutora","professora","24","Evangélica","não","Não","Não","Outros","não","2","4","2","4","4","5","4","4","2","2","3","4","3","4","2","4","3","2","2","4","3","4","3","4","3","4","2","3","3","3","2","2","3","3","4","2","3","2","3","3","3","2","3"
"73","Finalizadas","17 maio 2014  04:32","17 maio 2014  04:53","21 minutos 48 segundos","Sim","30","Feminino","Pós-graduação","Casado (a)","Pedagogia","Professora","Regente","5","Outras","Estudante das Tesyemunhas de Jeová","Não","Sim","Outros","Família, escola, serviço,","1","5","3","3","5","3","4","3","3","3","2","4","3","3","3","4","3","4","4","4","3","4","4","3","4","4","2","2","2","4","2","2","4","4","4","3","4","2","2","2","2","2","4"
"74","Finalizadas","17 maio 2014  08:16","17 maio 2014  08:26","9 minutos 36 segundos","Sim","47","Masculino","Pós-graduação","Casado (a)","Pedagogo","Pedagogo, tutor e professor","Escola Municipal e Universidade Federal de Juiz de Fora","14 anos","Espírita",NA,"Sim","Não","Escola",NA,"3","3","3","4","4","4","4","3","4","3","2","3","4","3","4","3","3","3","3","4","3","3","3","3","3","3","2","3","2","3","3","3","3","3","3","3","3","3","2","3","3","3","3"
"75","Finalizadas","17 maio 2014  09:02","17 maio 2014  09:20","17 minutos 36 segundos","Sim","37","Feminino","Pós-graduação","Casado (a)","Letras/ Mestranda em Letras","Professora de língua portuguesa do ensino fundamenta 2","Professora da Rede Municipal de Juiz de Fora","13","Espírita",NA,"Sim","Sim","Escola",NA,"1","5","4","5","5","4","4","2","5","1","3","4","3","3","3","5","2","1","3",NA,NA,"4","4","4","4","4","1","1","3","3","2","1","5","3","3","2","4","1","1","3","2","3","4"
"76","Em progresso","17 maio 2014  09:13",NA,NA,NA,NA,NA,NA,NA,NA,NA,NA,NA,NA,NA,NA,NA,NA,NA,NA,NA,NA,NA,NA,NA,NA,NA,NA,NA,NA,NA,NA,NA,NA,NA,NA,NA,NA,NA,NA,NA,NA,NA,NA,NA,NA,NA,NA,NA,NA,NA,NA,NA,NA,NA,NA,NA,NA,NA,NA,NA,NA
"77","Finalizadas","17 maio 2014  10:16","17 maio 2014  10:29","13 minutos 16 segundos","Não","66","Feminino","Pós-graduação","Outros","história","servidora pública","analista educacional","12","Sem religião",NA,"Sim","Sim","Outros","comunidade profissional","2","4","2","4","4","4","4","2","4","2","2","4","2","2","2","4","2","2","2","4","2","4","2","4","2","4","2","2","2","4","3","2","4","3","3","2","3","3","2","3","4","2","3"
"78","Finalizadas","17 maio 2014  11:48","17 maio 2014  12:00","12 minutos 49 segundos","Sim","33","Feminino","Ensino Superior Completo","Solteiro (a)","Licenciatura plena em música","Professora","Professora de musicalização Prefeitura de Juiz de Fora","12","Evangélica",NA,"Não","Não",NA,NA,"1","5","1","4","5","2","5","3","2","1","1","2","1","1","2","4","2","1","2","5","1","2","4","2","2","5","1","1","1","1","3","1","3","4","3","4","3","1","1","2","2","4","5"
"79","Finalizadas","17 maio 2014  12:24","17 maio 2014  12:32","8 minutos 30 segundos","Sim","42","Feminino","Pós-graduação","Casado (a)","Doutoranda","Professora","Ensino superior","10","Espírita",NA,"Sim",NA,"Outros","Cursos","4","3","2","5","3","2","5","4","5","3","4","3","2","2","2","3","2","5","3","4","5","2","3","3","3","4","2","4","3","2","2","2","5","4","3","2","4","2","2","3","2","2","5"
"80","Finalizadas","17 maio 2014  14:20","17 maio 2014  14:33","13 minutos 15 segundos","Sim","36","Feminino","Pós-graduação","Casado (a)","Matemática e Enfermagem","Professora","Professora","10","Católica","não","Não","Sim","Escola","não","2","4","1","4","5","5","5","4","5","2","2","3","4","2","4","5","2","2","2","5","2","3","3","3","3","5","2","2","2","3","2","5","3","4","3","4","2","2","2","4","4","4","5"
"81","Finalizadas","17 maio 2014  14:25","17 maio 2014  14:37","11 minutos 50 segundos","Sim","32","Feminino","Ensino Superior Completo","Casado (a)","Licenciada em Letras","Professora","Escola Pública","10","Católica",NA,"Sim","Sim","Escola",NA,"2","4","4","4","5","5","5","4","5","1","4","5","5","4","2","5","3","4","2","5","2","4","3","5","4","5","1","1","1","4","1","1","5","5","4","4","4","1","1","2","5","1","5"
"82","Finalizadas","17 maio 2014  15:27","17 maio 2014  15:49","22 minutos 12 segundos","Sim","47","Masculino","Ensino Superior Completo","Casado (a)","Quimica e Matematica","Professor","Estadual e cursinhos","23","Outras","Testemunhas de Jeova","Não","Não",NA,NA,"2","5","3","4","5","5","4","2","4","2","3","4","2","3","3","4","5","4","3","5","2","4","4","4","4","5","2","2","4","4","2","1","4","4","4","5","5","1","2","2","2","2","4"
"83","Finalizadas","17 maio 2014  16:10","17 maio 2014  16:27","17 minutos 20 segundos","Sim","25","Feminino","Pós-graduação","Casado (a)","Enfermeira","Professora","Curso técnico  de Enfermagem","3","Católica",".","Sim","Sim","Família",".","2","5","3","4","5","4","5","2","2","1","2","4","2","2","4","4","4","2","3","4",NA,NA,"1","3","4","4","1","2","4","2","2","2","3","4","3","2","4","2","2","3","3","3","2"
"84","Finalizadas","17 maio 2014  17:03","17 maio 2014  17:14","11 minutos 17 segundos","Sim","34","Feminino","Pós-graduação","Casado (a)","Enfermeira","Estudante",NA,NA,"Espírita",NA,"Sim","Não",NA,NA,"1","4","4","4","4","2","4","2","3","1","2","3","3","3","3","4","3","2","3","4","2","3","3","3","3","3","2","2","4","3","2","2","3","3","3","4","3","3","1","3","3","3","4"
"85","Finalizadas","17 maio 2014  19:32","17 maio 2014  19:47","15 minutos 1 segundo","Sim","trinta e um anos","Feminino","Pós-graduação","Casado (a)","Mestranda em Educação pela UCP","Coordenadora da prefeitura de Juiz de fora","Coordenadora da prefeitura de Juiz de fora","três anos","Católica",NA,"Sim","Sim","Escola",NA,"2","4","2","4","4","4","4","4","3","1","2","4","3","4","4","4","3","2","3","4","2","4","4","3","4","4","2","3","2","4","2","1","3","3","4","4","4","2","1","2","4","2","4"
"86","Finalizadas","17 maio 2014  19:42","20 maio 2014  21:55","3 dias 2 horas","Sim","39","Feminino","Pós-graduação","Solteiro (a)","Mestra em Educação","Professora","Servidora municipal","15","Católica",NA,"Não","Não",NA,NA,"1","5","1","4","4","4","4","3","4","1","3","4","3","4","5","3","3","3","3","4","3","4","4","5","3","5","1","3","3","4","3","1","4","4","3","3","3","2","3","3","3","2","4"
"87","Finalizadas","17 maio 2014  20:07","17 maio 2014  20:20","13 minutos 35 segundos","Sim","34","Feminino","Pós-graduação","Casado (a)","Pedagogia","Professora e supervisora","escolas estaduais no município de Juiz de Fora","15","Católica","não tenho","Sim","Sim","Escola","não tenho","3","4","3","4","4","3","4","3","4","3","2","4","4","4","4","4","2","2","4","4","2","4","4","4","4","4","2","3","2","3","3","4","4","4","4","3","4","3","3","3","3","3","4"
"88","Finalizadas","17 maio 2014  21:10","17 maio 2014  21:28","17 minutos 32 segundos","Sim","49","Feminino","Pós-graduação","Casado (a)","Curso de Letras","Professora de Língua Portuguesa","Escola da rede municipal","19","Católica",NA,"Sim","Não",NA,NA,"2","4","2","5","5","4","5","3","3","2","2","4","4","4","3","2","3","4","4","4","2","4","4","4","2","5","2","1","3","3","2","2","4","4","4","3","4","2","2","2","2","2","4"
"89","Finalizadas","17 maio 2014  21:21","18 maio 2014  09:05","11 horas 44 minutos","Sim","50","Feminino","Pós-graduação","Divorciado (a)","Pós-graduada em Alfabetização e Linguagem pela UFJF","Professora.","Professora das sérieis iniciais do ensino fundamental.","20","Católica","não possuo outra crença.","Sim","Sim","Família","comunidade, escola, cidade.","1","5","3","5","1","3","5","4","5","2","3","4","4","4","5","5","4","5","4","5","1","5","5","5","4","5","1","3","3","4","1","1","5","5","5","3","5","1","1","1","4","1","5"
"90","Finalizadas","17 maio 2014  21:43","17 maio 2014  22:16","33 minutos 27 segundos","Sim","43","Feminino","Ensino Superior Completo","Solteiro (a)","Analista de sistemas e pedagogia","Professora","Escola","9","Sem religião",NA,"Sim","Sim","Escola",NA,"2","4","2","4","4","3","4","3","4","2","2","4","2","3","4","4","4","3","2","4","2","2","4","2","4","4","2","2","2","2","2","2","2","3","2","2","2","2","2","3","4","2","4"
"91","Finalizadas","18 maio 2014  09:13","18 maio 2014  09:24","10 minutos 24 segundos","Sim","28","Feminino","Pós-graduação","Solteiro (a)","Professora","Professora","Educação","6","Espírita","Espiríta","Não","Sim","Família","família","1","5","3","5","5","5","5","3","4","1","2","3","2","3","3","4","3","3","3","5","3","3","5","3","3","5","1","1","2","3","1","1","3","5","3","1","3","1","1","2","4","2","2"
"92","Finalizadas","18 maio 2014  14:16","18 maio 2014  14:30","13 minutos 40 segundos","Sim","27","Feminino","Pós-graduação","Solteiro (a)","História","Professora","E. M. José maria Amâncio","2","Outras","Umbanda","Não","Sim","Escola",NA,"2","5","3","4","4","3","4","2","3","2","2","3","2","2","2","4","3","3","2","4","2","4","4","4","3","4","1","2","2","2","3","2","4","4","4","3","3","3","2","3","3","3","4"
"93","Finalizadas","18 maio 2014  14:45","18 maio 2014  15:47","1 hora 1 minuto","Sim","37","Feminino","Pós-graduação","Casado (a)","Licenciatura em Matemática","Professora","Ensino fundamenta II","19","Evangélica",NA,"Sim","Sim","Outros","Presídio","1","5","4","5","5","4","5","2","4","1","4","4","4","4","3","5","4","3","3","5","1","4","4","4","3","5","1","1","4","4","2","1","4","4","3","3","4","1","1","1","4","1","5"
"94","Finalizadas","18 maio 2014  16:46","18 maio 2014  16:59","13 minutos 6 segundos","Sim","60","Feminino","Pós-graduação","Outros","Economia","aposentada","tutora",NA,"Católica",NA,"Não","Não",NA,NA,"1","5","4","5","5","4","4","2","5","1","4","4","4","4","4","5","4","4","3","5","2","4","5","4","4","4","2","2","2","3","2","2","3","4","4","4","4","2","2","2","4","2","4"
"95","Finalizadas","18 maio 2014  18:17","18 maio 2014  19:25","1 hora 8 minutos","Sim","34","Masculino","Pós-graduação","Solteiro (a)","Mestrado em matemática","professor","professor","7 anos","Sem religião",NA,"Sim","Não",NA,NA,"3","5","2","4","4","4","4","4","5","2","4","4","4","3","3","4","2","3","2","4","4","3","2","2","2","4","2","1","2","2","2","1","2","4","4","4","3","3","2","3","3","3","5"
"96","Finalizadas","18 maio 2014  18:23","18 maio 2014  18:41","17 minutos 54 segundos","Sim","48","Feminino","Pós-graduação","Casado (a)","Pedagogia","Inspetora Escolar","inspeção escolar","20 anos","Sem religião","nao tenho","Sim","Sim","Família","nao","2","4","4","4","4","4","4","4","5","2","3","4","2","2","4","4","4","3","4","4","3","4","3","3","4","4","2","2","2","2","2","2","3","4","2","2","4","3","3","3","2","2","4"
"97","Finalizadas","18 maio 2014  18:31","18 maio 2014  18:46","14 minutos 32 segundos","Sim","52","Feminino","Pós-graduação","Divorciado (a)","Mestrado em Educação","Professor Ensino Fundamental","Administrativo SME Juiz de Fora","15","Católica",NA,"Sim","Sim","Escola",NA,"2","4","3","4","4","4","5","2","4","2","2","4","2","4","3","4","4","4","4","4","2","4","4","4","4","4","2","2","3","4","2","1","4","4","4","2","4","2","2","2","3","2","4"
"98","Finalizadas","18 maio 2014  21:21","18 maio 2014  22:04","43 minutos 16 segundos","Sim","38","Feminino","Pós-graduação","Solteiro (a)","Educação Física","Professora","Professora de Educação Física","Doze","Outras","Umbandista","Não","Não",NA,NA,"1","5","4","5","5","5","5","1","5","1","4","4","4","5","5","5","4","1","2","5","1","4","5","5","4","5","1","1","2","4","1","1","5","4","4","4","4","1","1","2","3","2","5"
"99","Finalizadas","18 maio 2014  21:54","18 maio 2014  22:04","10 minutos 6 segundos","Sim","44","Feminino","Pós-graduação","Divorciado (a)","Enfermagem","Enfermagem","Assistência e Educação","20","Católica","Católica","Sim","Sim","Serviços de Saúde","Serviços de Saúde","2","4","2","4","4","3","4","2","3","2","3","4","3","3","3","4","3","2","3","5","2","4","4","4","4","4","2","1","4","3","2","2","4","4","3","3","4","2","2","2","4","2","4"
"100","Em progresso","18 maio 2014  22:18",NA,NA,NA,NA,NA,NA,NA,NA,NA,NA,NA,NA,NA,NA,NA,NA,NA,NA,NA,NA,NA,NA,NA,NA,NA,NA,NA,NA,NA,NA,NA,NA,NA,NA,NA,NA,NA,NA,NA,NA,NA,NA,NA,NA,NA,NA,NA,NA,NA,NA,NA,NA,NA,NA,NA,NA,NA,NA,NA,NA
"101","Finalizadas","18 maio 2014  23:18","19 maio 2014  21:01","21 horas 42 minutos","Sim","41","Feminino","Pós-graduação","Divorciado (a)","LETRAS","PROFESSORA","EDUCAÇAO INFANTIL E ENSINO FUNDANENTAL","14","Evangélica","NAO","Sim","Sim","Família","NAO","2","5","4","5","5","4","4","4","5","1","1","4","5","3","3","4","2","5","3","5","1","3","4","5","3","5","1","1","1","3","2","1","3","4","5","4","4","1","1","4","2","2","5"
"102","Finalizadas","18 maio 2014  23:36","18 maio 2014  23:46","10 minutos 9 segundos","Sim","35","Feminino","Pós-graduação","Casado (a)","Letras e Fonoaudiologia","Professora e fonoaudióloga","Escola Estadual Cônego Joaquim Monteiro - Matias Barbosa","08","Espírita","nenhuma outra","Não","Sim","Escola","nenhum outro","2","4","3","5","5","4","5","4","4","2","2","4","4","4","3","3","3","4","3","4","3","4","4","4","4","4","2","2","4","3","3","1","4","4","4","3","3","2","2","3","2","2","5"
"103","Finalizadas","19 maio 2014  00:55","19 maio 2014  14:18","13 horas 22 minutos","Sim","26","Feminino","Pós-graduação","Solteiro (a)","Psicologia","Psicóloga","Tutoria","3 anos","Católica",NA,"Sim","Sim","Outros","Amigos","1","5","4","4","5","4","5","4","4","1","2","3","2","3","3","4","4","2","3","5","3","4","4","4","4","4","1","2","4","3","4","1","3","4","3","2","2","2","1","2","3","2","5"
"104","Finalizadas","19 maio 2014  08:06","19 maio 2014  15:48","7 horas 42 minutos","Sim","38 anos","Feminino","Pós-graduação","Solteiro (a)","letras","professora","professora","9 anos","Católica",NA,"Sim","Sim","Escola",NA,"3","4","3","4","4","4","4","4","3","2","2","4","3","4","3","4","3","4","3","4","2","4","4","4","4","4","2","2","4","4","2","2","4","4","4","2","3","2","2","2","2","2","2"
"105","Finalizadas","19 maio 2014  09:34","19 maio 2014  09:45","11 minutos 41 segundos","Sim","27","Feminino","Pós-graduação","Casado (a)","Letras","Professora","Professora de Português","3","Católica",NA,"Não","Sim","Escola",NA,"3","4","2","3","3","4","5","4","4","2","2","3","4","2","2","4","2","3","1","4","3","3","3","4","4","4","2","3","2","3","2","2","3","3","3","3","2","3","3","4","3","3","4"
"106","Finalizadas","19 maio 2014  14:02","19 maio 2014  14:13","11 minutos 38 segundos","Sim","40","Feminino","Pós-graduação","Casado (a)","Letras","Professora","Público","6","Católica",NA,"Sim","Sim","Escola",NA,"1","5","3","4","5","4","4","4","4","3","2","4","4","4","3","5","3","4","4","5","2","4","4","5","4","4","2","2","2","4","2","1","4","4","4","3","4","2","2","2","2","2","4"
"107","Em progresso","19 maio 2014  14:31",NA,NA,NA,NA,NA,NA,NA,NA,NA,NA,NA,NA,NA,NA,NA,NA,NA,NA,NA,NA,NA,NA,NA,NA,NA,NA,NA,NA,NA,NA,NA,NA,NA,NA,NA,NA,NA,NA,NA,NA,NA,NA,NA,NA,NA,NA,NA,NA,NA,NA,NA,NA,NA,NA,NA,NA,NA,NA,NA,NA
"108","Finalizadas","19 maio 2014  15:38","19 maio 2014  15:46","8 minutos 38 segundos","Sim","33","Feminino","Pós-graduação","Casado (a)","Mestre em Biologia","Bióloga","Avplan Consultoria","10","Católica",NA,"Sim","Não",NA,NA,"2","4","4","4","4","4","4","3","4","1","2","4","2","2","2","4","2","2","2","4","2","4","3","3","2","3","2","2","3","2","3","2","3","4","3","4","4","2","3","3","2","2","4"
"109","Finalizadas","19 maio 2014  16:03","19 maio 2014  16:25","21 minutos 54 segundos","Sim","47","Feminino","Pós-graduação","Casado (a)","Mestranda","Professora e Gestora","Professora e Gestora","26","Católica",NA,"Não","Sim","Escola",NA,"2","4","3","5","5","4","4","2","4","1","3","4","2","3","3","4","3","4","4","4","2","4","3","4","4","5","1","2","3","4","2","1","5","3","5","3","1","1","2","2","4","1","5"
"110","Finalizadas","19 maio 2014  16:25","19 maio 2014  16:35","9 minutos 49 segundos","Sim","47","Feminino","Pós-graduação","Casado (a)","Mestranda","Professora e Gestora","Professora e Gestora","26","Católica",NA,"Não","Sim","Escola",NA,"1","5","3","5","5","4","4","2","5","1","3","4","2","3","3","4","3","3","4","5","1","4","3","5","5","5","1","2","2","5","1","1","5","3","4","3","5","2","1","2","5","1","5"
"111","Finalizadas","19 maio 2014  17:01","19 maio 2014  17:31","30 minutos 19 segundos","Sim","32","Feminino","Pós-graduação","Casado (a)","Turismo","Professora de ensino superior","Ensino","10","Espírita","letra c","Sim","Sim","Outros","Amigos","2","5","3","4","4","4","4","3","4","2","4","4","2","2","3","4","4","3","2","5","2","3","4","4","2","4","2","2","2","2","3","1","3","4","3","3","3","2","2","2","4","2","4"
"112","Finalizadas","19 maio 2014  17:06","19 maio 2014  17:28","22 minutos 12 segundos","Sim","42","Feminino","Ensino Superior Completo","Casado (a)","Filosofia","Professor","professor","8","Católica",NA,"Sim",NA,"Escola",NA,"2","4","2","4","5","5","5","2","5","1","1","3","2","2","1","5","4","3","1","5","3","4","2","4","4","3","1","4","1","3","2","1","3","4","4","2","2","2","1","4","3","4","5"
"113","Finalizadas","19 maio 2014  17:14","19 maio 2014  17:41","26 minutos 15 segundos","Sim","45","Feminino","Pós-graduação","Divorciado (a)","Ciências Biológicas","Professora e tutora em EAD","Tutora em EAD","Como professora 11 anos","Sem religião",NA,"Sim","Não",NA,NA,"1","4","3","4","5","4","5","3","5","1","2","5","3","5","5","5","3","4","3","5","1","5","5","4","3","5","1","1","3","4","2","1","5","4","4","4","4","1","1","1","3","2","4"
"114","Finalizadas","19 maio 2014  17:21","19 maio 2014  17:30","9 minutos 6 segundos","Sim","33","Feminino","Pós-graduação","Casado (a)","Licenciatura em Fisica; LIcenciatura em Matemática","Coordenadora de Projetos","Coordenadora de Projetos","10","Católica","não","Não","Sim","Escola","não","1","4","3","4","5","5","5","3","3","3","1","4","4","4","4","4","3","3","4","4","4","3","4","5","4","4","4","2","3","4","3","1","4","4","4","4","4","3","2","4","2","3","4"
"115","Finalizadas","19 maio 2014  17:45","19 maio 2014  17:53","8 minutos 10 segundos","Sim","38","Feminino","Pós-graduação","Casado (a)","Pedagogia","professora","professor","4 anos","Católica",NA,"Sim","Sim","Família","álcool","1","5","2","3","4","4","5","1","5","1","1","5","5","5","5","5","2","2","5","5","1","5","5","5","5","5","1","2","1","5","4","1","5","5","5","4","4","1","1","4","2","2","4"
"116","Finalizadas","19 maio 2014  18:06","19 maio 2014  18:21","15 minutos 5 segundos","Sim","55","Feminino","Pós-graduação","Casado (a)","PÓS GRADUAÇÃO","PROFESSORA","REDE MUNICIPAL E ESTADUAL DE ENSINO","33","Católica","NAO TENHO OUTRA","Não","Sim","Escola","NAO TENHO OUTRO","1","4","3","4","4","4","4","2","4","2","4","4","4","4","3","4","4","4","3","4","3","4","4","3","4","4","2","1","4","3","3","2","4","4","4","3","4","1","1","2","3","2","4"
"117","Finalizadas","19 maio 2014  19:28","22 maio 2014  21:27","3 dias 1 hora","Sim","31 anos","Feminino","Pós-graduação","Divorciado (a)","Pedagogia","Professora","Professora","5 anos","Espírita",NA,"Sim","Não",NA,NA,"2","4","3","4","4","2","4","3","3","2","3","3","3","3","3","4","3","3","3","4","3","3","3","3","3","4","2","3","3","3","2","3","3","3","3","3","3","2","2","3","3","3","4"
"118","Em progresso","19 maio 2014  19:53",NA,NA,NA,NA,NA,NA,NA,NA,NA,NA,NA,NA,NA,NA,NA,NA,NA,NA,NA,NA,NA,NA,NA,NA,NA,NA,NA,NA,NA,NA,NA,NA,NA,NA,NA,NA,NA,NA,NA,NA,NA,NA,NA,NA,NA,NA,NA,NA,NA,NA,NA,NA,NA,NA,NA,NA,NA,NA,NA,NA
"119","Finalizadas","19 maio 2014  20:23","19 maio 2014  20:36","12 minutos 44 segundos","Sim","34","Feminino","Pós-graduação","Divorciado (a)","Licenciatura em Educação Física e Bacharel em Direito","Professora","Professora","12","Espírita",NA,"Não","Sim","Família",NA,"1","4","2","4","4","2","4","3","4","2","2","3","4","3","3","4","2","2","3","3","2","4","4","4","3","5","2","2","3","3","2","2","4","2","2","4","2","2","2","4","2","4","4"
"120","Finalizadas","19 maio 2014  20:31","19 maio 2014  20:44","13 minutos 9 segundos","Sim","29","Feminino","Pós-graduação","Solteiro (a)","Graduação em Geografia","Professora na Rede Estadual de Ensino de MG","docência","4 anos","Católica",NA,"Não","Não",NA,NA,"2","4","2","4","4","4","4","3","4","1","1","4","4","3","3","4","3","3","3","5","2","4","4","4","4","5","1","1","2","3","3","1","3","4","4","3","3","2","2","3","3","3","5"
"121","Finalizadas","19 maio 2014  21:09","19 maio 2014  21:21","12 minutos 24 segundos","Sim","43","Feminino","Pós-graduação","Casado (a)","Pós graduação em  Psicopedagogia e TIC","Professora /  Tutora","Professora","12 anos","Católica",NA,"Sim","Sim","Família",NA,"2","4","2","4","4","2","4","2","4","2","2","4","4","4","4","3","3","4","4","3","3","4","4","4","3","3","2","1","2","3","3","3","3","3","3","3","3","2","3","3","3","3","3"
"122","Finalizadas","19 maio 2014  21:17","19 maio 2014  21:28","10 minutos 21 segundos","Sim","34","Feminino","Ensino Superior Completo","Casado (a)","pedagogia","professora","series iniciais","8","Evangélica",NA,"Não","Não","Outros",NA,"4","4","2","4","4","2","4","3","4","2","2","4","4","3","2","4","3","2","2","4","4","3","4","4","4","4","1","2","2","3","2","4","3","3","4","4","4","4","4","3","4","2","4"
"123","Finalizadas","19 maio 2014  21:26","19 maio 2014  21:38","12 minutos 11 segundos","Sim","45","Feminino","Pós-graduação","Divorciado (a)","LETRAS","PROFESSORA","PROFESSORA DO ESTADO DE MINAS GERAIS","8","Católica",NA,"Não","Sim","Escola",NA,"2","5","3","4","4","5","5","4","4","2","3","4","4","4","4","4","3","3","4","4","4","4","4","4","4","5","1","2","3","5","1","4","4","4","4","4","4","2","2","4","4","4","4"
"124","Finalizadas","19 maio 2014  21:56","19 maio 2014  22:23","26 minutos 36 segundos","Sim","43","Feminino","Pós-graduação","Casado (a)","Graduação em pedagogia","Professor","Professor","7anos","Evangélica",NA,"Sim","Sim","Família",NA,"1","4","2","4","5","4","4","4","5","3","1","4","2","4","4","4","2","4","4","4","2","4","3","4","4","4","2","2","3","3","2","1","4","4","2","4","2","2","2","4","2","4","1"
"125","Finalizadas","19 maio 2014  21:59","19 maio 2014  22:10","10 minutos 20 segundos","Sim","32","Masculino","Pós-graduação","Outros",NA,NA,NA,NA,"Sem religião",NA,"Sim","Não",NA,NA,"3","4","3","4","4","4","4","3","4","2","3","4","3","3","3","4","4","3","3","4","2","3","4","3","3","4","2","3","3","3","3","2","3","3","3","3","3","3","3","3","3","3","3"
"126","Em progresso","19 maio 2014  22:31",NA,NA,NA,NA,NA,NA,NA,NA,NA,NA,NA,NA,NA,NA,NA,NA,NA,NA,NA,NA,NA,NA,NA,NA,NA,NA,NA,NA,NA,NA,NA,NA,NA,NA,NA,NA,NA,NA,NA,NA,NA,NA,NA,NA,NA,NA,NA,NA,NA,NA,NA,NA,NA,NA,NA,NA,NA,NA,NA,NA
"127","Finalizadas","19 maio 2014  22:38","19 maio 2014  23:08","29 minutos 39 segundos","Sim","36","Masculino","Pós-graduação","Solteiro (a)","Superior Geografia","Professor","Público","8","Evangélica",NA,"Sim","Sim","Família",NA,"2","5","2","5","4","4","5","3","4","2","3","4","4","3","4","4","2","2","2","3","2","4","2","2","2","5","1","4","2","2","2","2","2","2","2","2","3","3","2","3","4","2","5"
"128","Finalizadas","19 maio 2014  23:07","19 maio 2014  23:24","16 minutos 21 segundos","Sim","30","Feminino","Pós-graduação","Casado (a)","PEDAGOGIA","PROFESSORA","PROFESSORA","5","Católica",NA,"Sim","Sim","Escola",NA,"1","5","3","5","5","4","5","3","4","2","3","5","4","4","4","4","3","3","4","5","1","4","4","5","4","5","2","1","3","3","3","3","4","4","4","4","4","2","1","3","3","2","5"
"129","Finalizadas","19 maio 2014  23:16","19 maio 2014  23:32","16 minutos 8 segundos","Sim","52","Feminino","Pós-graduação","Divorciado (a)","Mestrado em Comunicação e Semiótica - PUCSP","Professora da rede municipal de ensino de Juiz de Fora","SPAC/DPPF/SE/PJF","19","Espírita",NA,"Sim","Sim","Escola",NA,"1","5","1","5","5","5","5","3","5","1","2","4","4","5","3","3","4","4","4","4","4","4","4","4","4","5","1","2","3","2","2","1","4","4","4","4","4","1","1","1","3","1","4"
"130","Finalizadas","20 maio 2014  01:22","20 maio 2014  01:52","30 minutos 19 segundos","Sim","56","Feminino","Pós-graduação","Solteiro (a)","Letras","Professora","Rede Municipal de Ensino","22","Católica",NA,"Não","Não",NA,NA,"2","4","2","4","5","5","5","4","4","1","1","3","3","2","2","4","2","4","2","4","2","2","3","2","3","4","1","2","1","2","4","2","3","3","4","4","3",NA,"4","4","3","4","4"
"131","Finalizadas","20 maio 2014  05:43","20 maio 2014  06:00","16 minutos 37 segundos","Sim","35","Feminino","Pós-graduação","Outros","Especialização em práticas interdisciplinares","arte educadora","educação","10","Católica",NA,"Não","Não",NA,NA,"3","4","3","4","4","4","5","3","5","1","3","4","4","3","4","4","3","3","2","5","4","3","5","4","5","5","1","1","1","3","3","1","4","3","3","3","2","1","2","3","3","3","5"
"132","Finalizadas","20 maio 2014  08:55","20 maio 2014  09:06","11 minutos 24 segundos","Sim","quarenta e dois","Masculino","Pós-graduação","Casado (a)","Licenciatura Plena em Química","Professor de Educação Básica","Secretaria Estadual de Educação","20","Católica",NA,"Sim","Não",NA,NA,"1","5","1","4","5","4","5","2","4","1","2","4","4","4","2","4","4","1","2","4","1","4","4","4","3","4","1","2","4","3","3","1","4","4","4","1","3","2","2","2","3","2","3"
"133","Finalizadas","20 maio 2014  09:51","20 maio 2014  09:59","8 minutos 24 segundos","Sim","27","Feminino","Pós-graduação","Solteiro (a)","Pedagoga","Coordenadora Pedagógica","Coordenação Pedagógica","4","Católica",NA,"Não","Sim","Família",NA,"1","5","3","4","5","5","5","3","3","2","3","4","3","3","4","4","3","4","4","4","2","3","4","4","4","5","2","3","4","3","1","5","3","5","3","3","5","1","1","1","4","1","5"
"134","Finalizadas","20 maio 2014  09:52","20 maio 2014  10:04","12 minutos 16 segundos","Sim","36","Feminino","Pós-graduação","Solteiro (a)","Direito","advogada","professora","10","Espírita",NA,"Sim","Não",NA,NA,"4","4","2","4","4","4","5","2","4","2","2","3","4","4","4","4","2","2","3","4","4","4","2","4","3","4","1","1","2","3","4","1","4","3","3","2","2","2","2","5","4","4","4"
"135","Finalizadas","20 maio 2014  11:23","20 maio 2014  11:32","8 minutos 56 segundos","Sim","41 anos","Feminino","Pós-graduação","Casado (a)","LETRAS (UFJF) e ESPECIALIZAÇÃO - Língua Portuguesa (SIMONSEN) E ENSINO FUNDAMENTAL (UFJF)","Professora","Supervisora da EJA - PJF","21","Católica",NA,"Sim","Não",NA,NA,"3","4","3","4","4","4","4","2","4","2","3","4","4","4","4","4","3","4","4","4","2","4","4","4","4","4","2","2","3","4","3","2","4","4","4","4","4","2","2","2","3","2","4"
"136","Finalizadas","20 maio 2014  11:55","20 maio 2014  12:06","11 minutos 6 segundos","Sim","51","Masculino","Pós-graduação","Solteiro (a)","Artes visuais","servidor público Federal","secretário da supervisão de sgurança da UFJF","21 anos","Católica",NA,"Sim","Não",NA,NA,"3","4","4","4","5","5","5","4","4","3","3","4","5","4","4","4","3","4","3","5","2","4","4","4","3","4","3","2","3","4","3","2","3","4","4","4","4","2","2","2","4","2","4"
"137","Finalizadas","20 maio 2014  13:52","20 maio 2014  14:51","58 minutos 35 segundos","Sim","33","Feminino","Pós-graduação","Casado (a)","Licenciatura em Letras","Secretário Executivo","serviço Público Federal","13","Evangélica",NA,"Não","Não",NA,NA,"2","3","3","4","4","3","3","3","4","2","1","3","2","3","2","3","2","3","3","4","3","3","3","4","2","4","2","2","2","2","3","2","3","3","3","3","3","3","2","4","3","3","4"
"138","Finalizadas","20 maio 2014  13:59","20 maio 2014  14:08","9 minutos 22 segundos","Sim","36","Feminino","Pós-graduação","Casado (a)","Matemática","Professora","Professora Regente","16","Espírita",NA,"Não","Sim","Escola",NA,"3","4","3","4","3","4","4","2","4","2","2","3","3","3","3","3","3","3","3","3","3","3","3","3","3","4","2","3","2","3","3","3","3","3","3","3","2","4","4","4","2","3","3"
"139","Finalizadas","20 maio 2014  16:42","20 maio 2014  17:25","42 minutos 55 segundos","Sim","39","Feminino","Pós-graduação","Casado (a)","Bacharel e Licenciada em História","Professora Ensino Fundamental e Médio","Prefeitura de Juiz de Fora","7 anos","Católica","não há outra","Sim","Sim","Escola","familia","2","5","2","5","5","5","5","4","5","1","4","5","5","4","5","4","4","4","4","5","2","4","4","4","2","4","1","1","4","2","2","1","4","4","5","5","5","1","1","1","4","1","5"
"140","Finalizadas","20 maio 2014  17:24","20 maio 2014  18:18","53 minutos 54 segundos","Sim","43 anos","Feminino","Pós-graduação","Divorciado (a)","Graduada em Letras","Professora","Colégio Estadual Moacyr Padilha e Escola Municipal Padre Caetano","16","Evangélica",NA,"Não","Sim","Família",NA,"4","5","2","5","4","4","4","2","5","1","2","2","4","2","4","4","2","2","2","4","2","2","3","4","4","4","1","1","3","2","1","1","4","4","4","2","4","2","2","2","1","2","4"
"141","Finalizadas","20 maio 2014  17:48","20 maio 2014  18:05","16 minutos 38 segundos","Sim","40","Feminino","Pós-graduação","Casado (a)","Mestrado em Gestão e Avaliação","Diretora Adjunta de Colégio Público","Servidora do Estado","20","Católica",NA,"Sim","Sim","Escola",NA,"1","5","3","5","5","4","5","3","5","2","2","4","5","5","5","5","4","5","5","5","2","5","5","5","5","5","1","2","2","4","2","1","4","4","4","2","5","4","1","1","3","2","5"
"142","Em progresso","20 maio 2014  18:27",NA,NA,NA,NA,NA,NA,NA,NA,NA,NA,NA,NA,NA,NA,NA,NA,NA,NA,NA,NA,NA,NA,NA,NA,NA,NA,NA,NA,NA,NA,NA,NA,NA,NA,NA,NA,NA,NA,NA,NA,NA,NA,NA,NA,NA,NA,NA,NA,NA,NA,NA,NA,NA,NA,NA,NA,NA,NA,NA,NA
"143","Finalizadas","20 maio 2014  20:39","20 maio 2014  20:50","11 minutos 43 segundos","Sim","30","Feminino","Pós-graduação","Solteiro (a)","Psicologia","Estudante de doutorado",NA,NA,"Católica",NA,"Sim","Sim","Serviços de Saúde",NA,"1","3","5","5","5","5","5","1","5","1","4","3","1","3","5","5","4","1","3","5","1","3","3","3","3","3","1","1","5","3","1","1","3","3","3","4","4","1","1","2","5","1","5"
"144","Finalizadas","20 maio 2014  20:41","20 maio 2014  20:58","17 minutos 15 segundos","Sim","38","Feminino","Pós-graduação","Solteiro (a)","Licenciatura Plena-Letras","Professora","Professora regente","Aproximadamente 10 anos","Católica",NA,"Sim","Sim","Família",NA,"1","5","4","4","5","4","5","4",NA,"2","2","4","4","4","4","5","3","4","2","4","2","4","3","5","2","5","5","2","1","4","3","1","5","4","3","2","4","2","2","2","3","1","4"
"145","Em progresso","20 maio 2014  21:14",NA,NA,NA,NA,NA,NA,NA,NA,NA,NA,NA,NA,NA,NA,NA,NA,NA,NA,NA,NA,NA,NA,NA,NA,NA,NA,NA,NA,NA,NA,NA,NA,NA,NA,NA,NA,NA,NA,NA,NA,NA,NA,NA,NA,NA,NA,NA,NA,NA,NA,NA,NA,NA,NA,NA,NA,NA,NA,NA,NA
"146","Em progresso","20 maio 2014  21:50",NA,NA,NA,NA,NA,NA,NA,NA,NA,NA,NA,NA,NA,NA,NA,NA,NA,NA,NA,NA,NA,NA,NA,NA,NA,NA,NA,NA,NA,NA,NA,NA,NA,NA,NA,NA,NA,NA,NA,NA,NA,NA,NA,NA,NA,NA,NA,NA,NA,NA,NA,NA,NA,NA,NA,NA,NA,NA,NA,NA
"147","Em progresso","20 maio 2014  22:17",NA,NA,NA,NA,NA,NA,NA,NA,NA,NA,NA,NA,NA,NA,NA,NA,NA,NA,NA,NA,NA,NA,NA,NA,NA,NA,NA,NA,NA,NA,NA,NA,NA,NA,NA,NA,NA,NA,NA,NA,NA,NA,NA,NA,NA,NA,NA,NA,NA,NA,NA,NA,NA,NA,NA,NA,NA,NA,NA,NA
"148","Finalizadas","20 maio 2014  22:19","20 maio 2014  22:46","27 minutos 33 segundos","Sim","47","Masculino","Pós-graduação","Casado (a)","Ciências Biológicas - Especialização em Educação Ambiental","Analista Ambiental e Professor","Secretarias Estaduais de Meio Ambiente e de Educação","10","Sem religião",NA,"Sim","Sim","Escola","Escola, trabalho e família","4","5","4","5","4","3","5","2","4","1","3","4","2","3","3","3","4","2","3","3","2","3","4","3","3","4","1","2","2","3","2","2","4","4","3","2","4","2","2","2","3","2","4"
"149","Finalizadas","20 maio 2014  22:20","21 maio 2014  08:27","10 horas 7 minutos","Sim","42","Feminino","Ensino Superior Completo","Casado (a)","Tecnóloga em Processamento de Dados","Professora","Informática Educativa","12","Católica",NA,"Não","Sim","Família",NA,"1","5","5","5","5","5","5","5","5","1","1","2","2","2","5","5","4","4","3","5","4","2","2","2","2","5","1","2","1","1","3","1","3","3","3","4","3","3","5","4","3","3","5"
"150","Finalizadas","20 maio 2014  22:48","22 maio 2014  09:10","1 dia 10 horas","Sim","35","Feminino","Pós-graduação","Casado (a)","pedagogia","coordenador pedagogica","escola","15","Católica","nao","Não","Sim","Família","nao","2","4","2","4","4","4","4","4","4","2","2","4","4","2","4","4","2","3","4","4","2","4","4","4","4","4","2","2","2","2","2","1","4","4","4","3","4","2","1","2","4","2","5"
"151","Finalizadas","20 maio 2014  22:49","20 maio 2014  22:57","8 minutos 32 segundos","Sim","34","Feminino","Pós-graduação","Solteiro (a)","Serviço Social","Assistente Social","Público","3","Católica",NA,"Não","Não",NA,NA,"2","3","3","4","5","4","4","2","4","1","2",NA,NA,"3","3","4","3","1","4","4","2","4","4","4","3","4","1","1","3","3","2","1","4","3","4","3","3","2","1","3","3","2",NA
"152","Finalizadas","20 maio 2014  23:00","20 maio 2014  23:34","34 minutos","Sim","32","Feminino","Pós-graduação","Outros","Pedagoga","Técnica na Secretaria de Educação","Atuo como técnica na supervisão de escolas de educação infantil conveniadas de JF.","7 anos na educação","Católica",NA,"Sim","Não",NA,NA,"1","5","3","5","5","5","5","1","4","2","2","4","1","4","4","5","4","4","4","5","1","5","4","4","4","5","1","1","3","4","1","1","4","4","4","3","4","1","1","1","4","1","5"
"153","Finalizadas","21 maio 2014  08:30","21 maio 2014  08:53","23 minutos 36 segundos","Sim","40","Feminino","Pós-graduação","Solteiro (a)","Mestrado em Educação","Professora","Tutora do Curso de Prevenção ao uso de drogas","13","Espírita",NA,"Sim","Sim","Família",NA,"2","4","4","5","5","5","5","3","5","2","2","3","4","4","3","5","3","2","3","4","3","3","4","4","3","4","1","2","2","3","2","2","4","4","4","3","4","2","2","2","2","2","4"
"154","Finalizadas","21 maio 2014  13:39","21 maio 2014  13:59","20 minutos","Sim","36","Feminino","Ensino Superior Completo","Casado (a)","Letras","Professora","CAVE Editora","8","Espírita",NA,"Sim","Sim","Escola",NA,"1","5","3","5","5","4","5","2","4","2","2","4","4","4","4","5","4","5","4","5","2","4","4","4","4","4","1","1","2","4","2","1","4","4","4","2","4","1","1","2","5","1","5"
"155","Finalizadas","21 maio 2014  14:07","21 maio 2014  14:38","30 minutos 52 segundos","Sim","36","Feminino","Ensino Superior Completo","Casado (a)","Educação Fisica","Professora","Escolas","7","Espírita",NA,"Sim","Sim","Escola",NA,"2","4","4","4","5","4","5","3","5","2","4","4","3","4","4","3","4","4","4","4","2","4","4","4","4","4","2","1","3","4","2","1","1","4","4","3","4","1","2","2","3","2","4"
"156","Em progresso","21 maio 2014  14:35",NA,NA,NA,NA,NA,NA,NA,NA,NA,NA,NA,NA,NA,NA,NA,NA,NA,NA,NA,NA,NA,NA,NA,NA,NA,NA,NA,NA,NA,NA,NA,NA,NA,NA,NA,NA,NA,NA,NA,NA,NA,NA,NA,NA,NA,NA,NA,NA,NA,NA,NA,NA,NA,NA,NA,NA,NA,NA,NA,NA
"157","Finalizadas","21 maio 2014  15:52","21 maio 2014  16:00","8 minutos 40 segundos","Sim","25","Masculino","Pós-graduação","Solteiro (a)","Doutorando  em Ciências Biológicas","Estudante/professor","professor","3","Católica",NA,"Sim","Sim","Escola",NA,"2","5","1","4","5","5","5","3","5","2","2","5","4","4","2","5","5","4","2","4","4","2","4","4","2","4","1","1","4","2","4","2","4","4","4","4","4","2","2","4","2","4","4"
"158","Finalizadas","21 maio 2014  17:47","21 maio 2014  18:10","23 minutos 11 segundos","Sim","49 anos","Feminino","Pós-graduação","Solteiro (a)","Licenciada em Geografia","Professora regente dos anos iniciais eprofessora regente de Geografia nos anos finais do ensino fundamental","Professora e Tutora a distancia","14 anos nde serviço na rede municipal de Juiz de Fora","Evangélica",NA,"Sim","Não",NA,NA,"3","4","4","4","4","4","4","4","4","2","1","2","2","2","2","4","4","2","2","4","2","4","4","2","2","4","2","4","2","2","4","2","2","4","2",NA,"4","4","4","4","2","2","4"
"159","Em progresso","21 maio 2014  18:11",NA,NA,NA,NA,NA,NA,NA,NA,NA,NA,NA,NA,NA,NA,NA,NA,NA,NA,NA,NA,NA,NA,NA,NA,NA,NA,NA,NA,NA,NA,NA,NA,NA,NA,NA,NA,NA,NA,NA,NA,NA,NA,NA,NA,NA,NA,NA,NA,NA,NA,NA,NA,NA,NA,NA,NA,NA,NA,NA,NA
"160","Finalizadas","21 maio 2014  19:53","21 maio 2014  20:14","21 minutos 46 segundos","Sim","35","Feminino","Pós-graduação","Divorciado (a)","Letras","Professora","Escolas públicas","5","Católica","não há.","Sim","Sim","Família","Escolas","2","4","3","4","5","4","5","3","3","3","2","4","3","3","4","5","4","4","3","5","3","5","5","4","4","4","3","3","3","3","1","1","4","4","3","3","4","2","1","2","4","3","5"
"161","Finalizadas","21 maio 2014  20:02","21 maio 2014  20:19","16 minutos 46 segundos","Não","trinta e nove anos","Feminino","Pós-graduação","Solteiro (a)","Educação Física","Professora da Rede Municipal de Ensino de Juiz de Fora","Professora de Dança e Educação Física na EJA e em cursos extra-curriculares","dezesseis anos","Sem religião",NA,"Não","Sim","Escola",NA,"2","5","3","4","4","4","4","3","4","1","2","4","4","3","1","4","2","2","3","5","1","3","3","4","3","5","1","2","2","4","2","1","4","3","4","3","4","1","4","2","3","2","5"
"162","Em progresso","21 maio 2014  20:07",NA,NA,NA,NA,NA,NA,NA,NA,NA,NA,NA,NA,NA,NA,NA,NA,NA,NA,NA,NA,NA,NA,NA,NA,NA,NA,NA,NA,NA,NA,NA,NA,NA,NA,NA,NA,NA,NA,NA,NA,NA,NA,NA,NA,NA,NA,NA,NA,NA,NA,NA,NA,NA,NA,NA,NA,NA,NA,NA,NA
"163","Em progresso","21 maio 2014  20:33",NA,NA,NA,NA,NA,NA,NA,NA,NA,NA,NA,NA,NA,NA,NA,NA,NA,NA,NA,NA,NA,NA,NA,NA,NA,NA,NA,NA,NA,NA,NA,NA,NA,NA,NA,NA,NA,NA,NA,NA,NA,NA,NA,NA,NA,NA,NA,NA,NA,NA,NA,NA,NA,NA,NA,NA,NA,NA,NA,NA
"164","Finalizadas","21 maio 2014  20:45","21 maio 2014  21:09","24 minutos","Sim","50 anos","Feminino","Pós-graduação","Outros","Pós Graduada em Práticas de Letramento","Professora de Escola Pública do Ensino Fundamental dos Anos Iniciais","Professora Regente de Turma","15  Anos","Católica",NA,"Sim","Sim","Família",NA,"3","4","2","4","4","4","4","4","4","3","4","5","2","4","3","4","3","4","4","4","2","3","4","4","4","2","2","2","3","4","3","1","4","4","5","4","3","2","2","3","3","2","4"
"165","Em progresso","21 maio 2014  21:09",NA,NA,NA,NA,NA,NA,NA,NA,NA,NA,NA,NA,NA,NA,NA,NA,NA,NA,NA,NA,NA,NA,NA,NA,NA,NA,NA,NA,NA,NA,NA,NA,NA,NA,NA,NA,NA,NA,NA,NA,NA,NA,NA,NA,NA,NA,NA,NA,NA,NA,NA,NA,NA,NA,NA,NA,NA,NA,NA,NA
"166","Finalizadas","21 maio 2014  21:57","21 maio 2014  22:14","17 minutos 22 segundos","Sim","27","Feminino","Pós-graduação","Casado (a)","Graduação e Mestrado em História","Professora","Professora de História","5","Evangélica",NA,"Não","Sim","Escola",NA,"2","4","2","4","4","4","5","2","4","1","2","4","3","4","4","4","2","2","4","4","2","4","4","4","3","4","1","2","2","3","2","1","4","3","3","3","4","2","2","2","4","2","4"
"167","Finalizadas","21 maio 2014  22:25","21 maio 2014  22:38","12 minutos 57 segundos","Sim","35","Feminino","Pós-graduação","Casado (a)","Pedagogia","professora","Prefeitura Municipal de Juiz de Fora","5","Católica","não","Não","Não",NA,"não","2","5","2","4","4","3","4","3","4","2","2","4","3","4","3","4","2","3","4","4","2","4","3","4","4","4","2","2","1","3","3","2","3","3","3","4","3","2","2","3","3","3","4"
"168","Em progresso","22 maio 2014  09:45",NA,NA,NA,NA,NA,NA,NA,NA,NA,NA,NA,NA,NA,NA,NA,NA,NA,NA,NA,NA,NA,NA,NA,NA,NA,NA,NA,NA,NA,NA,NA,NA,NA,NA,NA,NA,NA,NA,NA,NA,NA,NA,NA,NA,NA,NA,NA,NA,NA,NA,NA,NA,NA,NA,NA,NA,NA,NA,NA,NA
"169","Finalizadas","22 maio 2014  19:49","22 maio 2014  22:34","2 horas 44 minutos","Sim","34","Feminino","Pós-graduação","Solteiro (a)","Filosofia","Professora","Licenciatura","4","Espírita","x","Sim","Sim","Escola","x","1","4","2","4","4","3","4","3","4","2","2","4","2","3","3","4","4","3","3","3","2","4","4","4","2","5","1","2","3","2","2","2","4","3","3","3","4","2","3","2","3","2","3"
"170","Finalizadas","22 maio 2014  20:06","22 maio 2014  20:25","18 minutos 38 segundos","Sim","26","Feminino","Pós-graduação","Casado (a)","graduação em história e mestrado em educação","professora","professora e tutora","5","Católica",NA,"Sim","Sim","Outros","amigos","1","5","4","5","5","5","5","3","4","2","2","2","2","4","2","5","4","3","3","5","2","4","3","3","4","4","1","1","2","3","3","3","3","3","3","3","4","2","2","4","4","2","5"
"171","Em progresso","22 maio 2014  22:55",NA,NA,NA,NA,NA,NA,NA,NA,NA,NA,NA,NA,NA,NA,NA,NA,NA,NA,NA,NA,NA,NA,NA,NA,NA,NA,NA,NA,NA,NA,NA,NA,NA,NA,NA,NA,NA,NA,NA,NA,NA,NA,NA,NA,NA,NA,NA,NA,NA,NA,NA,NA,NA,NA,NA,NA,NA,NA,NA,NA
"172","Finalizadas","23 maio 2014  09:29","23 maio 2014  09:47","17 minutos 36 segundos","Sim","47","Feminino","Pós-graduação","Casado (a)","PEDAGOGIA","PROFESSORA DO ENSINO FUNDAMENTAL I","PROFESSORA DE BIBLIOTECA","27","Sem religião",NA,"Não","Não",NA,NA,"2","5","4","5","5","5","5","3","4","3","1","1","3","5","5","4","1","3","3","5","3","5","4","3","5","5","1","3","1","3","3","1","3","5","3","3","1","2","1","5","3","5","4"
"173","Finalizadas","23 maio 2014  11:15","23 maio 2014  11:26","10 minutos 31 segundos","Sim","45","Feminino","Pós-graduação","Casado (a)","Doutorado Educação (em curso)","Professora Educação Básica","Professora e tutora","22","Católica",NA,"Não","Não",NA,NA,"3","4","2","4","4","2","4","3","3","2","2","2","4","4","3","4",NA,"3","2","4","4","4","4","4","4",NA,"3","3","4","3","4","3","4","4","3","3","3","3","2","2","3","2","4"
