"","instituicao","depto","estado","iniciado","completo","tempo","termo","idade","sexo","escolaridade","estadocivil","estadocivil.outros","formacao","ocupacao","servico","tempodeservico","religiao","religiao.outras","contato.tema","lida.com","onde.lida.com","lida.com.outros","ps001","ps002","ps003","ps004","ps005","ps006","ps007","ps008","ps009","ps010","ps011","ps012","ps013","ps014","ps015","ps016","ps017","ps018","ps019","ps020","ps021","ps022","ps023","ps024","ps025","ps026","ps027","ps028","ps029","ps030","ps031","ps032","ps033","ps034","ps035","ps036","ps037","ps038","ps039","ps040","ps041","ps042"
"1","",NA,"Finalizadas","6 maio 2014  10:01","9 maio 2014  08:53","2 dias 22 horas","Sim","47","Masculino","Pós-graduação","Casado (a)",NA,"Pedagogo formado pela UFJF com pós-graduação lato sensu em Mídia e Deficiência pela UFJF","Professor e tutor a distância","Escola Municipal Georg Rodenbach e Universidade Federal de Juiz de Fora","13","Outras","Me defino como Espiritualista, pois acredito que todas que creem em reencarnação tem algo a contribuir, embora tenha afinidade maior com a Espírita","Sim","Não","Escola",NA,"2","4","3","3","3","3","3","3","3","3","4","3","3","3","3","3","3","3","3","3","3","3","3","3","3","3","3","3","3","3","4","3","3","3","3","3","3","3","3","3","2","3"
"2","",NA,"Finalizadas","6 maio 2014  10:24","6 maio 2014  10:45","20 minutos 29 segundos","Sim","42","Feminino","Pós-graduação","Casado (a)",NA,"Licenciatura","atualmente, do lar e tutora.","Professora de educação física","20 anos","Católica",NA,"Sim","Não",NA,NA,"3","4","4","3","3","3","3","2","2","2","2","2","2","4","2","2","4","3","4","4","4","4","2","5","4","4","3","3","3","3","4","4","2","2","5","4","3","3","3","2","2","2"
"3","",NA,"Finalizadas","6 maio 2014  14:20","6 maio 2014  14:39","18 minutos 59 segundos","Sim","28","Feminino","Pós-graduação","Solteiro (a)",NA,"Graduação e Mestrado em Ciências Sociais","Professora","Educação Pública","1","Espírita",NA,"Não","Não",NA,NA,"3","4","4","2","2","1","3","4","1","2","2","2","2","3","1","2","1","2","1","2","3","4","2","3","4","1","2","4","4","3","5","2","4","3","4","3","4","3","4","1","1","2"
"4","",NA,"Em progresso","7 maio 2014  12:36",NA,NA,NA,NA,NA,NA,NA,NA,NA,NA,NA,NA,NA,NA,NA,NA,NA,NA,NA,NA,NA,NA,NA,NA,NA,NA,NA,NA,NA,NA,NA,NA,NA,NA,NA,NA,NA,NA,NA,NA,NA,NA,NA,NA,NA,NA,NA,NA,NA,NA,NA,NA,NA,NA,NA,NA,NA,NA,NA,NA
"5","",NA,"Finalizadas","7 maio 2014  13:00","7 maio 2014  13:20","19 minutos 33 segundos","Sim","40","Feminino","Pós-graduação","Solteiro (a)",NA,NA,"professora","regência","12","Espírita",NA,"Sim","Sim","Escola",NA,"2","1","4","2","4","2","2","2","2","1","4","2","2","4","5","2","1","4","2","4","4","3","4","4","2","2","2","2","2","1","4","5","3","2","3","4","4","4","2","2","4","2"
"6","",NA,"Finalizadas","7 maio 2014  13:04","7 maio 2014  13:39","35 minutos 19 segundos","Sim","41","Feminino","Pós-graduação","Divorciado (a)","NÃO","GRADUADA EM LETRAS PELA UFJF E ESPECIALISTA EM METODOLOGIA DO ENSINO DE LÍNGUA PORTUGUESA","FUNCIONÁRIA PÚBLICA - MUNICIPAL","PROFESSORA : 1 CARGO NA EDUCAÇÃO INFANTIL E O OUTRO NO EJA (SEMIPRESENCIAL)","14","Evangélica","NÃO","Não","Sim","Família","VIZINHO","2","2","2","4","4","3","2","2","1","5","5","1","2","1","5","4","1","4","1","2","5","4","4","2","3","1","1","2","1","2","4","5","2","2","4","4","5","4","4","1","2","2"
"7","",NA,"Finalizadas","7 maio 2014  13:17","7 maio 2014  13:28","11 minutos 18 segundos","Sim","42","Feminino","Pós-graduação","Casado (a)",NA,"Doutoranda em Literatura, Mestre em Literatura e graduada em Matemática","Professora","Ensino superior","17","Espírita",NA,"Não","Não",NA,NA,"3","4","5","3","2","3","3","4","1","4","4","4","2","4","4","4","3","5","4","4","4","2","1","4","4","3","2","4","2","2","4","2","4","4","4","1","4","3","4","2","2","4"
"8","",NA,"Finalizadas","7 maio 2014  13:37","9 maio 2014  13:29","1 dia 23 horas","Sim","31","Feminino","Pós-graduação","Solteiro (a)","----------","Filosofia","Professora","Professora Regente de Filosofia no Ensino Médio","5","Católica","-----------","Não","Sim","Família","-----------------","4","4","3","1","4","3","2","3","2","2","2","3","3","2","4","4","3","4","3","5","5","5","2","3","3","4","4","5","3","4","4","4","4","3","1","3","3","3","2","1","2","3"
"9","",NA,"Finalizadas","7 maio 2014  13:51","7 maio 2014  15:16","1 hora 25 minutos","Sim","26","Feminino","Pós-graduação","Solteiro (a)",NA,"Especialista em Psicopedagogia","Coordenadora Pedagógica","Coordenadora Pedagógica","4","Católica",NA,"Sim","Sim","Família",NA,"3","2","3","2","1","2","2","2","1","1","4","2","3","2","4","3","3","4","3","3","4","1","1","4","3","1","1","3","2","1","5","5","3","4","4","3","4","4","4","2","1","2"
"10","",NA,"Finalizadas","7 maio 2014  14:03","7 maio 2014  14:09","6 minutos 6 segundos","Sim","47","Feminino","Pós-graduação","Casado (a)",NA,"História","Consultora","Consultoria","4","Sem religião",NA,"Não","Não",NA,NA,"3","2","2","2","3","2","2","2","1","1","1","1","1","3","5","2","1","2","1","2","5","2","1","4","2","2","2","2","2","1","4","5","3","4","5","4","4","5","2","1","1","2"
"11","",NA,"Finalizadas","7 maio 2014  14:08","13 maio 2014  20:00","6 dias 5 horas","Sim","44","Feminino","Pós-graduação","Casado (a)",NA,"LETRAS","PROFESSORA","LECIONAR","5","Sem religião",NA,"Não","Não",NA,NA,"2","4","4","1","2","1","2","2","1","1","3","1","2","4","5","1","1","4","2","4","4","2","1","1","3","1","1","5","2","1","5","5","2","5","5","5","5","5","3","1","1","1"
"12","",NA,"Finalizadas","7 maio 2014  14:30","7 maio 2014  14:49","18 minutos 49 segundos","Sim","3","Feminino","Pós-graduação","Casado (a)",NA,"Mestre em Teoria da Literatura","Professora","Professora de Língua Portuguesa e Literatura do Ensino Fundamental","10","Católica",NA,"Sim","Sim","Família",NA,"2","1","3","2","1","1","2","1","4","1","2","2","2","2","4","4","2","2","2","1","5","4","2","2","2","2","2","2","2","1","4","4","2","4","5","2","4","3","2","2","2","2"
"13","",NA,"Finalizadas","7 maio 2014  15:09","7 maio 2014  15:36","27 minutos 30 segundos","Sim","43","Feminino","Ensino Superior Completo","Solteiro (a)",NA,"Tecnologo em Processamento de dados e Pedagogia","Professora","Escola Municipal Dr. Custodio Junqueira e Escola Estadual Professor Luis Antonio Pires de Souza","10","Sem religião",NA,"Sim","Sim","Escola",NA,"3","4","2","2","4","4","2","2","2","3","2","2","4","2","4","4","2","4","3","4","4","4","2","4","4","2","2","2","2","2","4","4","3",NA,"2","2","2","4","2","2","2","3"
"14","",NA,"Finalizadas","7 maio 2014  15:09","9 maio 2014  10:59","1 dia 19 horas","Sim","29","Feminino","Pós-graduação","Solteiro (a)",NA,"Enfermeira","Professora de enfermagem","Senac e Impacto","4","Católica",NA,"Não","Não",NA,NA,"2","2","3","3","4","3","2","2","2","3","4","2","3","3","4","4","2","4","3","1","4","5","2","5","4","2","2","3","2","1","4","4","3","4","4","4","4","3","4","2","1","3"
"15","",NA,"Finalizadas","7 maio 2014  15:34","10 maio 2014  20:50","3 dias 5 horas","Sim","53","Feminino","Pós-graduação","Casado (a)",NA,"Normal Superior","Professora","Escola","19","Católica",NA,"Sim","Sim","Família",NA,"2","2","4","3","4","4","4","3","2","2","2","2","4","1","4","2","2","4","4","2","4","4","4","4","4","2","2","2","2","2","4","4","2","2","4","2","2","4","5","1","5","2"
"16","",NA,"Finalizadas","7 maio 2014  16:23","7 maio 2014  16:32","9 minutos 8 segundos","Sim","32","Feminino","Pós-graduação","Casado (a)",NA,NA,"Professora","educação","7 anos","Sem religião",NA,"Sim","Sim","Família","nenhum","1","4","1","1","1","1","1","2","1","1","2","2","2","2","4","4","2","1","1","1","4","4","1","5","2","2","3","4","1","1","5","4","3","4","5","2","5","3","4","1","1","5"
"17","",NA,"Finalizadas","7 maio 2014  16:25","7 maio 2014  16:33","7 minutos 51 segundos","Sim","44","Feminino","Pós-graduação","Casado (a)",NA,"mestrado em educação","professora","escola","18","Católica",NA,"Não","Não",NA,NA,"2","4","4","2","2","2","2","2","2","2","2","2","2","4","4","4","2","2","2","2","4","2","1","2","2","2","2","2","2","1","4","4","3","2","4","3","3","3","2","2","2","2"
"18","",NA,"Em progresso","7 maio 2014  17:10",NA,NA,NA,NA,NA,NA,NA,NA,NA,NA,NA,NA,NA,NA,NA,NA,NA,NA,NA,NA,NA,NA,NA,NA,NA,NA,NA,NA,NA,NA,NA,NA,NA,NA,NA,NA,NA,NA,NA,NA,NA,NA,NA,NA,NA,NA,NA,NA,NA,NA,NA,NA,NA,NA,NA,NA,NA,NA,NA,NA
"19","",NA,"Finalizadas","7 maio 2014  17:29","7 maio 2014  17:39","10 minutos 41 segundos","Sim","31 anos","Feminino","Pós-graduação","Solteiro (a)",NA,"graduação em História , especiliazação em Literatura e mestrado em História","professora","professora","8 anos","Católica",NA,"Sim","Sim","Escola",NA,"2","2","3","2","2","2","2","2","2","2","2","2","2","2","4",NA,"2","2","2","2","4","2","4","4","2","2","2","2","2","2","5","5","2","4","4","4","5","4","3","1","1","2"
"20","",NA,"Finalizadas","7 maio 2014  18:28","7 maio 2014  18:43","15 minutos 4 segundos","Sim","30","Feminino","Pós-graduação","Outros","União Estável","Pedagoga, Especialista em Alfabetização e Letramento e Mestre em Educação","Supervisora Pedagógica","Escola Estadual Delfim Moreira","5","Católica","Católica, mas não muito atuante.","Não","Sim","Outros","Família e Escola","2","2","2","1","3","2","2","3","3","3","2","2","2","3","4","2","2","2","2","2","4","3","3","4","3","2","2","2","2","2","4","4","3","4","4","3","4","3","4","2","2","2"
"21","",NA,"Finalizadas","7 maio 2014  18:58","7 maio 2014  19:07","8 minutos 44 segundos","Sim","39","Feminino","Pós-graduação","Divorciado (a)",NA,"Doutoranda em História","Professora","História","10","Sem religião",NA,"Sim","Sim","Outros","Amigos e conhecidos.","1","1","1","1","1","1","1","2","2","1","3","1","1","5","5","2","1","1","2","1","4","2","2","5","1","1","2","1","1","1","5","5","1","5","5","5","5","5","2","1","2","1"
"22","",NA,"Finalizadas","7 maio 2014  19:04","7 maio 2014  19:19","15 minutos 7 segundos","Sim","45","Feminino","Pós-graduação","Solteiro (a)",NA,"Pedagogia","Especialista em Educação Básica","Educação","10 anos","Católica",NA,"Sim","Sim","Escola",NA,"3","3","4","2","3","2","4","4","3","4","2","3","2","4","4","2","2","2","2","2","4","4","2","4","4","2","2","2","2","2","4","4","2","4","4","4","4","4","2","2","2","2"
"23","",NA,"Finalizadas","7 maio 2014  19:08","7 maio 2014  19:27","18 minutos 21 segundos","Sim","34","Feminino","Ensino Superior Completo","Casado (a)","nao","Pedagogia","professora","Sala de biblioteca e 1 ano do Ensino Fundamental","9","Evangélica","nao","Não","Sim","Escola","nao","3","4","2","2","4","3","4","2","2","2","2","2","2","4","4","3","1","3","2","2","2","4","3","4","4","1","2","3","2","2","4","4","4","3","4","3","3","2","3","3","2","3"
"24","",NA,"Finalizadas","7 maio 2014  19:26","7 maio 2014  20:17","50 minutos 21 segundos","Sim","58","Feminino","Pós-graduação","Divorciado (a)",NA,"Administração de empresas e Ciências Contábeis","Contadora e professora","Professor","+ de 20 anos","Católica","Não","Não","Não",NA,NA,"4","4","4","3","4","3","4","2","2","1","2","2","2","2","4","2","2","4","3","4","4","3","2","4","4","2","2","2","2","2","4","2","3","3","4","2","4","3","2","2","2","2"
"25","",NA,"Finalizadas","7 maio 2014  20:01","14 maio 2014  21:58","7 dias 1 hora","Sim","47","Masculino","Pós-graduação","Solteiro (a)","solteiro","mestrando em educação","Professor","Secretaria Estadual de Educação","14","Católica","nenhuma","Sim","Sim","Escola","escola","2","2","1","1","2","1","1","2","2","1","1","2","1","2","5","2","1","2","1","2","4","1","5","4","4","1","1","1","1","1","5","5","2","1","5","5","5","5","4","1","2","1"
"26","",NA,"Finalizadas","7 maio 2014  20:08","7 maio 2014  20:21","13 minutos 20 segundos","Sim","40","Feminino","Pós-graduação","Casado (a)",NA,"mestre em história, graduada em história","docente de história da arte","ensino superior","04","Outras","umbanda","Sim","Sim","Família",NA,"2","3","2","2","2","2","2","3","2","1","2","2","2","3","4","2","2","2","2","2","4","2","3","5","4","2","2","2","2","2","3","3","2","3","4","4","5","3","4","1","1","2"
"27","",NA,"Finalizadas","7 maio 2014  20:14","7 maio 2014  20:23","9 minutos 17 segundos","Sim","25","Feminino","Pós-graduação","Solteiro (a)",NA,"Graduação em Letras e Mestrado em Linguística","Professora","Educação Básica","5","Sem religião",NA,"Sim","Sim","Família",NA,"1","3","4","1","1","1","2","1","1","2","3","1","2","2","5","2","1","4","3","3","5","3","1","4","3","1","1","4","1","1","5","4","1","3","5","5","4","4","1","1","1","2"
"28","",NA,"Finalizadas","7 maio 2014  20:17","8 maio 2014  14:38","18 horas 21 minutos","Sim","quarenta e dois","Masculino","Pós-graduação","Divorciado (a)",NA,"Licenciatura em Química","Professor de Educação Básica","Professor da Rede Estadual de Ensino","20","Católica",NA,"Sim","Não",NA,NA,"1","1","1","1","1","1","1","1","3","1","2","2","1","4","5","1","1","1","1","1","5","1","1","5","2","1","1","1","1","1","3","5","2","4","5","4","4","4","2","1","1","1"
"29","",NA,"Finalizadas","7 maio 2014  20:23","7 maio 2014  20:33","9 minutos 32 segundos","Sim","32","Masculino","Pós-graduação","Solteiro (a)",NA,"Pedagogo","Doutorando",NA,NA,"Sem religião",NA,"Sim","Sim","Família",NA,"3","5","3","3","3","3","3","3","3","3","3","3","3","3","5","3","3","3","3","2","4","4","3","5","3","2","1","4","3","2","4","4","2","5","3","4","4","3","2","3","1","2"
"30","",NA,"Finalizadas","7 maio 2014  20:25","7 maio 2014  20:38","13 minutos 11 segundos","Sim","28","Feminino","Pós-graduação","Solteiro (a)",NA,"Mestrado em Letras- Estudos Literários","Professora de português na Prefeitura Municipal de Juiz de Fora","professora","5","Espírita",NA,"Não","Sim","Outros","Na escola e na família, já que alguns primos são dependentes químicos de maconha e crack","1","3","3","2","1","2","1","1","2","1","3","3","2","1","5","3","2","1","3","3","5","5","1","5","3","2","2","3","2","2","5","4","2","5","4","5","5","4","3","2","1","2"
"31","",NA,"Finalizadas","7 maio 2014  20:26","7 maio 2014  20:47","21 minutos 2 segundos","Sim","40","Feminino","Pós-graduação","Outros","União estável","Mestre em Educação","Professora","Tutora do Curso de Prevenção ao Uso de Drogas","0","Espírita",NA,"Sim","Sim","Família",NA,"1","3","3","3","2","1","1","3","2","2","2","2","2","3","4","3","2","2","2","3","4","2","2","3","3","2","2","3","2","1","5","5","2","3","3","3","3","3","2","2","3","2"
"32","",NA,"Finalizadas","7 maio 2014  20:48","8 maio 2014  21:48","1 dia 1 hora","Sim","62","Feminino","Pós-graduação","Outros","Casada mas separada","Pedagogia","Professora","E.E.Emsino Fundamental e Médio Professor José Edson Cavalieri- EJA - PJEC","42","Católica",NA,"Sim","Sim","Escola",NA,"2","4","5","2","2","2","2","3","1","3","3","2","2","4","5","3","1","3","2","4","4","3","2","5","3","3","3","3","3","2","4","3","3","4","5","4",NA,"5","3","1","1","1"
"33","",NA,"Finalizadas","7 maio 2014  21:04","7 maio 2014  21:17","13 minutos 18 segundos","Sim","28","Feminino","Pós-graduação","Solteiro (a)","solteira","Professora","Professora","Professora","7","Espírita","Espírita","Não","Sim","Família","Família","2","3","2","1","3","1","1","1","1","2","2","1","1","2","4","3","1","4","1","1","5","1","1","4","3","1","2","2","1","1","5","5","3","2","5","4","5","3","2","1","1","3"
"34","",NA,"Finalizadas","7 maio 2014  21:07","7 maio 2014  21:17","10 minutos 33 segundos","Sim","48","Feminino","Pós-graduação","Outros","Separada judicialmente","Pedagoga","Professora e Pedagoga","Prefeitura de Juiz de Fora","30 anos","Espírita",NA,"Sim","Não",NA,NA,"1","2","1","1","3","1","2","1","2","1","1","1","1","3","5","2","2","1","2","1","5","4","1","4","4","1","1","3","1","1","5","5","1","4","5","5","5","5","1","1","1","1"
"35","",NA,"Finalizadas","7 maio 2014  21:28","7 maio 2014  21:45","16 minutos 54 segundos","Sim","40","Masculino","Pós-graduação","Solteiro (a)",NA,"ESTUDOS SOCIAIS","PROFESSOR","TUTORIA","1 ANO","Católica",NA,"Sim","Sim","Escola",NA,"3","3","4","3","3","3","3","3","3","2","2","2","2","4","5","3","2","4","3","3","2","3","3","3","3","3","2","4","4","2","5","3","2","4","5","4","3","3","2","1","2","3"
"36","",NA,"Finalizadas","7 maio 2014  22:03","7 maio 2014  22:24","21 minutos 11 segundos","Sim","53","Feminino","Pós-graduação","Casado (a)",NA,"Doutoranda","cursando o doutorado","somente bolsista","22","Outras","Candomblé","Sim","Não",NA,NA,"2","2","3","2","2","1","2","2","2","1","3","2","2","4","4","3","1","2","2","2","5","2","1","3","3","1","2","4","1","2","5","4","3","4","5","4","5","4","2","1","1","2"
"37","",NA,"Finalizadas","7 maio 2014  22:24","7 maio 2014  22:55","30 minutos 59 segundos","Sim","36","Feminino","Pós-graduação","Casado (a)","nenhum","Matemática e Enfermagem","Professora","Professora de Matemática","10","Católica","nenhum","Não","Sim","Escola","nenhum","3","4","4","3","3","2","3","3","2","2","3","2","2","2","4","2","2","2","2","2","5","4","2","2","4","2","2","2","2","2","4","4","3","2","2","2","2","3","4","4","4","4"
"38","",NA,"Finalizadas","7 maio 2014  22:31","7 maio 2014  22:44","12 minutos 55 segundos","Sim","47","Feminino","Pós-graduação","Divorciado (a)",NA,"História e Direito",NA,NA,"18","Espírita",NA,"Não","Não",NA,NA,"2","2","3","2","2","2","2","2","2","2","2","2","2","2","4","2","2","2","2","3","4","2","2","4","3","2","2","2","3","2","4","4","3","3","2","3","3","3","2","3","3","2"
"39","",NA,"Finalizadas","7 maio 2014  22:39","7 maio 2014  22:53","13 minutos 34 segundos","Sim","62","Feminino","Pós-graduação","Solteiro (a)","X","GRADUAÇÃO EM HISTÓRIA","FUNCIONÁRIA PÚBLICA","DIRETORA DE PATRIMÔNIO HISTÓRICO DA PREFEITURA MUNICIPAL DE BICAS","15","Católica","x","Sim","Sim","Outros","nO CONVÍVIO SOCIAL","1","1","2","4","4","4","2","2","2","2","2","1","2","4","5","2","1","4","2","2","5","2","1","4","4","2","1","2","1","1","4","5","2","4","4","5","5","4","2","2","2","2"
"40","",NA,"Finalizadas","7 maio 2014  22:48","7 maio 2014  23:02","13 minutos 52 segundos","Sim","38","Feminino","Pós-graduação","Solteiro (a)",NA,"EDUCAÇÃO FÍSICA","PROFESSORA DA REDE MUNICIPAL DE JUIZ DE FORA","PROFESSORA","5","Espírita",NA,"Sim","Sim","Outros","ESCOLA, FAMÍLIA E PROJETO SOCIAL","2","2","5","2","2","2","2","3","1","2","2","3","3","1","3","1","1","4","1","3","5","4","3","5","5","2","2","2","2","2","5","4","3","3","5","4","4","3","2","2","1","2"
"41","",NA,"Em progresso","7 maio 2014  22:50",NA,NA,NA,NA,NA,NA,NA,NA,NA,NA,NA,NA,NA,NA,NA,NA,NA,NA,NA,NA,NA,NA,NA,NA,NA,NA,NA,NA,NA,NA,NA,NA,NA,NA,NA,NA,NA,NA,NA,NA,NA,NA,NA,NA,NA,NA,NA,NA,NA,NA,NA,NA,NA,NA,NA,NA,NA,NA,NA,NA
"42","",NA,"Finalizadas","7 maio 2014  23:04","7 maio 2014  23:46","41 minutos 34 segundos","Sim","37","Feminino","Pós-graduação","Solteiro (a)",NA,NA,"Servidora pública",NA,"6","Católica",NA,"Sim","Não",NA,"Não se aplica","1","4","2","1","2","2","2","2","2","3","2","2","3","4","5","2","1","1","1","3","4","2","2","4","2","1","2","1","1","1","4","5","1","4","3","4","5","3","3","1","1","2"
"43","",NA,"Finalizadas","8 maio 2014  01:00","9 maio 2014  22:17","1 dia 21 horas","Sim","58","Feminino","Pós-graduação","Casado (a)","não tem","Pedagogia e pós graduação em psicopedagogia","estudante e professora","professora e tutora","24","Evangélica","não tem","Não","Não","Outros","não tem","2","4","3","4","2","4","5","2","2","2","2","2","2","4","4","2","2","2","2","2","4","2","2","4","2","2","2","2","2","2","4","4","2","4","4","2","4","4","4","2","2","2"
"44","",NA,"Finalizadas","8 maio 2014  06:05","8 maio 2014  06:36","30 minutos 19 segundos","Sim","40","Feminino","Pós-graduação","Solteiro (a)",".","Pós-graduação","Professora","Educação","5","Católica","e espírita","Não","Não",NA,NA,"3","3","3","2","2","2","2","2","2","2","3","2","3","4","4","3","2","3","2","3","4","3","3","4","3","3","3","4","2","2","5","5","3","4","3","3","3","4","2","2","3","4"
"45","",NA,"Finalizadas","8 maio 2014  07:36","8 maio 2014  07:57","21 minutos 4 segundos","Sim","41","Feminino","Ensino Superior Completo","Casado (a)",NA,"Filosofia","Professor",NA,"20","Católica",NA,"Sim","Sim","Família",NA,"1","2","3","1","2","1","2","1","1","3","3","4","2","1","2","1","1","5","1","1","5","2","1","4","1","1","2","3","1","1","5","5","2","3","3","2","4","1","3","1","1","2"
"46","",NA,"Finalizadas","8 maio 2014  08:05","8 maio 2014  08:16","10 minutos 59 segundos","Sim","36","Feminino","Pós-graduação","Casado (a)",NA,"pedagogia","gestor escolar","prefeitura de Juiz de Fora","16","Católica",NA,"Sim","Sim","Escola",NA,"1","2","3","1","2","2","2","2","2","2","2","2","2","2","5","2","1","2","1","3","3","2","2","5","1","1","1","3","1","1","5","5","1","4","4","3","3","3","2","1","1","2"
"47","",NA,"Finalizadas","8 maio 2014  08:21","8 maio 2014  08:38","16 minutos 22 segundos","Sim","35","Feminino","Pós-graduação","Outros","União Estável","Licenciatura em Educação Artística com especialização em Práticas Interdisciplinares","Professora","ensino","10","Católica",NA,"Não","Não",NA,NA,"3","4","3","1","2","1","1","3","3","3","3","2","1","1","5","1","1","2","1","2","3","4","3","4","3","1","3","2","1","1","5","5","2","4","4","4","4","3","3","2","1","2"
"48","",NA,"Em progresso","8 maio 2014  08:39",NA,NA,NA,NA,NA,NA,NA,NA,NA,NA,NA,NA,NA,NA,NA,NA,NA,NA,NA,NA,NA,NA,NA,NA,NA,NA,NA,NA,NA,NA,NA,NA,NA,NA,NA,NA,NA,NA,NA,NA,NA,NA,NA,NA,NA,NA,NA,NA,NA,NA,NA,NA,NA,NA,NA,NA,NA,NA,NA,NA
"49","",NA,"Finalizadas","8 maio 2014  08:39","8 maio 2014  08:54","14 minutos 53 segundos","Sim","41","Masculino","Pós-graduação","Solteiro (a)",NA,"Licenciatura plena em matemática e física","professor","servidor público estadual","20","Católica",NA,"Sim","Não",NA,NA,"3","4","4","2","4","3","3","2","2","2","2","2","2","2","4","4","2","2","4","3","4","4","2","4","3","2","2","2","2","2","4","5","2","4","4","4","4","4","3","2","3","1"
"50","",NA,"Finalizadas","8 maio 2014  08:47","8 maio 2014  09:06","19 minutos 13 segundos","Sim","43","Feminino","Pós-graduação","Solteiro (a)",NA,"Educação Artística (habilitação Artes Plásticas) e pós-graduação em Gestão da Educação a Distância","Administradora comércio eletrônico e tutora CEAD","Comércio eletrônico e educação","18","Católica",NA,"Não","Não",NA,NA,"2","1","4","4","4","4","4","1","1","1","2","1","2","2","4","2","1","2","2","2","5","2","1","4","4","2","2","4","1","1","5","5","2","2","5","4","4","4","2","1","1","2"
"51","",NA,"Finalizadas","8 maio 2014  09:02","8 maio 2014  09:10","8 minutos 8 segundos","Sim","41","Feminino","Pós-graduação","Casado (a)",NA,"LETRAS (UFJF) e especialista em Língua Portuguesa(SIMONSEN-RJ) e Educação no Ensino Fundamnetal (UFJF)","Supervisora da EJA - PJF  e professora do Estado de MG","Supervisora da EJA - PJF  e professora do Estado de MG","21 ANOS","Católica",NA,"Sim","Não",NA,NA,"3","4","4","3","2","2","3","3","2","3","3","2","3","2","4","3","2","4","3","4","4","3","3","4","3","2","2","2","3","2","4","4","2","4","3","4","3","4","2","2","2","2"
"52","",NA,"Finalizadas","8 maio 2014  09:11","8 maio 2014  09:34","23 minutos 14 segundos","Sim","39","Feminino","Pós-graduação","Solteiro (a)",NA,"Mestrado em Educação","Professor","Servidora municipal","15","Católica",NA,"Não","Não",NA,NA,"1","5","3","1","3","3","3","3","1","1","4","3","2","1","5","4","1","5","2","1","4","2","1","3","4","2","2","5","2","2","5","3","3","4","2","2","3","3","3","1","1","3"
"53","",NA,"Finalizadas","8 maio 2014  09:38","8 maio 2014  09:50","12 minutos 16 segundos","Sim","30","Feminino","Pós-graduação","Solteiro (a)",NA,"Ciências biológicas","Técnica administrativo em educação - UFJF","Colaboradora do Núcleo de Inovação Tecnológica da UFJF","3","Espírita",NA,"Sim","Não",NA,NA,"2","4","2","1","2","1","2","2","2","2","2","3","2","3","5","2","1","2","2","2","4","3","3","4","4","1","2","3","1","1","2","4","3","3","4","4","4","3","3","1","1","2"
"54","",NA,"Em progresso","8 maio 2014  09:38",NA,NA,NA,NA,NA,NA,NA,NA,NA,NA,NA,NA,NA,NA,NA,NA,NA,NA,NA,NA,NA,NA,NA,NA,NA,NA,NA,NA,NA,NA,NA,NA,NA,NA,NA,NA,NA,NA,NA,NA,NA,NA,NA,NA,NA,NA,NA,NA,NA,NA,NA,NA,NA,NA,NA,NA,NA,NA,NA,NA
"55","",NA,"Finalizadas","8 maio 2014  09:51","8 maio 2014  09:58","7 minutos 6 segundos","Sim","29 anos","Feminino","Pós-graduação","Solteiro (a)",NA,"Licenciatura-Bacharelado em Ciências Biológicas; Especialista em Direito Ambiental","Professora da Educação Básica","Secretaria de Educação do Estado de Minas Gerais","1","Evangélica",NA,"Sim","Sim","Família",NA,"2","2","3","2","2","2","2","4","1","2","2","2","2","4","5","2","1","2","2","2","5","2","1","5","2","1","2","4","2","1","4","5","2","5","4","5","5","4","2","2","1","2"
"56","",NA,"Finalizadas","8 maio 2014  10:27","8 maio 2014  10:41","13 minutos 24 segundos","Sim","37","Feminino","Pós-graduação","Casado (a)",NA,"Letras com Mestrado Profissional em Letras ambos pela UFJF","Professora de Língua Portuguesa do Ensino fundamental 2","Professora","13","Espírita",NA,"Sim","Sim","Escola",NA,"2","2","2","2","2","2","2","1","2","2","2","1","2","2","4","3","1","4","1","2","5","1","4","4","2","1","1","1","2","2","4","5","2","3","5","4","5","5","2","1","2","2"
"57","",NA,"Finalizadas","8 maio 2014  10:47","8 maio 2014  11:05","18 minutos","Sim","30","Feminino","Pós-graduação","Casado (a)",NA,"Pedagogia","Professora e tutora","Professora","6","Católica",NA,"Sim","Sim","Escola",NA,"3","4","2","2","3","2","3","2","1","4","3","1","2","2","5","2","1","4","2","1","4","4","3","1","4","1","2","2","1","1","5","4","3","2","4","4","3","4","3","1","1","2"
"58","",NA,"Finalizadas","8 maio 2014  10:49","8 maio 2014  15:37","4 horas 48 minutos","Sim","43","Feminino","Pós-graduação","Casado (a)",NA,"Graduação: Pedagogia  / Pós- Psicopedagogia - TIC","Tutor       e -    Professora em escolas Municipais.","Professora","11","Católica",NA,"Sim","Sim","Família",NA,"2","2","2","2","2","2","2","2","4","2","3","2","2","4","4","4","2","3","3","3","4","2","2","4","3","2","3","2","2","2","4","4","2","4","4","3","3","3","2","2","2","2"
"59","",NA,"Finalizadas","8 maio 2014  10:52","8 maio 2014  11:07","15 minutos 6 segundos","Sim","52","Feminino","Pós-graduação","Divorciado (a)",NA,"Mestrado em Educação/ Especialista em Arte, Cultura e Educação  e Licenciada em História","01 cargo estadual aposentada / 01 cargo municipal na ativa Professor de Ensino Básico","Secretaria Municipal de Educação/ DEAP SEF","15","Católica",NA,"Sim","Sim","Outros","Na família, na escola, no convívio social e profissional","2","2","2","2","2","2","2","2","2","2","2","2","2","2","4","2","2","2","2","2","4","2","2","4","2","2","2","2","2","2","4","4","2","4","4","4","4","4","2","1","1","2"
"60","E.M. União da Betânia",NA,"Finalizadas","8 maio 2014  11:25","8 maio 2014  11:43","17 minutos 52 segundos","Sim","52","Feminino","Pós-graduação","Outros","Separada judicialmente","Letras","Professora da Rede Municipal de Juiz de Fora","professora","30","Evangélica","sou evnagélica","Sim","Sim","Outros","Família e escola","5","5","3","1","5","1","5","5","1","1","5","3","1","5","5","5","5","5","1","5","5","5","1","5","5","1","1","1","1","1","5","5","3","5","5","5","5","5","5","1","1","3"
"61","",NA,"Finalizadas","8 maio 2014  11:34","8 maio 2014  11:45","10 minutos 30 segundos","Sim","42","Feminino","Pós-graduação","Casado (a)",NA,"História","Professora","Professora na PJF e tutora CEAD UFJF","22","Católica",NA,"Não","Não",NA,NA,"2","3","2","1","1","1","2","2","1","2","3","2","2","2","4","2","2","2","3","3","5","1","1","5","4","2","2","2","2","2","4","4","2","5","4","4","5","4","2","1","2","2"
"62","",NA,"Finalizadas","8 maio 2014  11:37","8 maio 2014  11:53","15 minutos 54 segundos","Sim","34","Feminino","Pós-graduação","Casado (a)",NA,"Pedagogia","orientadora pedagógica",NA,"8","Espírita",NA,"Sim","Não",NA,NA,"2","4","2","1","1","2","2","2","2","1","2","2","2","2","4","2","3","4","2","2","4","4","2","4","2","2","2","4","2","2","4","4","2","4","4","4","4","4","2","2","2","2"
"63","",NA,"Finalizadas","8 maio 2014  11:49","8 maio 2014  12:04","14 minutos 17 segundos","Sim","30","Masculino","Pós-graduação","Solteiro (a)",NA,"Educaçao Fisica","empresario","adminstrador","7","Católica",NA,"Sim","Sim","Outros","trabalho","2","2","1","1","2","2","2","1","5","1","1","1","1","5","5","1","1","1","1","1","1","4","1","5","5","1","1","1","1","1","5","5","1","5","5","5","5","5","1","1","1","1"
"64","",NA,"Finalizadas","8 maio 2014  12:56","8 maio 2014  13:28","32 minutos 21 segundos","Sim","28","Feminino","Pós-graduação","Outros","união estável","Ciências Biológicas","Professora","4 anos","4","Espírita",NA,"Sim","Sim","Escola",NA,"2","2","4","3","4","3","2","3","1","1","2","2","2","3","5","2","2","2","2","2","2","3","2","4","3","2","2","2","2","2","4","4","2","3","3","3","2","3","2","2","2","2"
"65","",NA,"Finalizadas","8 maio 2014  14:34","8 maio 2014  14:54","20 minutos 25 segundos","Sim",NA,"Masculino","Pós-graduação","Casado (a)",NA,"Mestrado em Educação Matemática","Professor","Educação","19","Católica",NA,"Sim","Sim","Escola",NA,"2","3","3","3","3","2","3","4","2","3","3","2",NA,"2","4","4","2","4","2","2","4","2","1","4","3","1","2","3","2","1","4","4","3","4","4","3","4","4","3","2","2","2"
"66","",NA,"Em progresso","8 maio 2014  15:48",NA,NA,NA,NA,NA,NA,NA,NA,NA,NA,NA,NA,NA,NA,NA,NA,NA,NA,NA,NA,NA,NA,NA,NA,NA,NA,NA,NA,NA,NA,NA,NA,NA,NA,NA,NA,NA,NA,NA,NA,NA,NA,NA,NA,NA,NA,NA,NA,NA,NA,NA,NA,NA,NA,NA,NA,NA,NA,NA,NA
"67","",NA,"Finalizadas","8 maio 2014  16:41","8 maio 2014  17:26","45 minutos 22 segundos","Sim","48","Feminino","Pós-graduação","Casado (a)",NA,"Licenciatura Plena em Matemática","Professora","Professora na rede Municipal","20","Católica",NA,"Sim","Sim","Escola",NA,"2","3","4","2","4","4","3","2","2","4","3","2","3","2","4","4","2","4","2","4","4","4","2","4","4","2","2","3","3","2","4","4","3","4","5","3","4","3","3","1","1","3"
"68","",NA,"Finalizadas","8 maio 2014  16:51","8 maio 2014  17:09","18 minutos 15 segundos","Sim","38","Feminino","Pós-graduação","Solteiro (a)",NA,"Educação Física","Professora, tutora, estudante.","Professora, tutora, estudante.","12","Outras","Umbandista","Não","Não",NA,NA,"2","2","2","1","1","1","2","1","1","2","3","1","1","1","5","1","2","4","1","2","4","3","1","4","3","1","1","3","1","1","5","5","1","3","4","4","4","4","4","1","1","1"
"69","",NA,"Finalizadas","8 maio 2014  17:26","14 maio 2014  12:27","5 dias 19 horas","Sim","29","Feminino","Pós-graduação","Casado (a)",NA,"Ciências Biológicas","professora","professora e tutora à distância","professora aproximadamente 5 anos","Evangélica",NA,"Sim","Sim","Escola",NA,"3","4","5","2","5","4","4","3","2","1","2","2","3","1","5","4","2","3","2","4","4","4","1","4","4","1","1","1","1","2","4","4","3","4","5","2","5","2","4","1","1","3"
"70","",NA,"Finalizadas","8 maio 2014  17:45","8 maio 2014  17:57","12 minutos 43 segundos","Sim","42","Feminino","Pós-graduação","Solteiro (a)",NA,NA,"Professora","Secretaria Estadual de Educação de Minas Gerais","13 anos","Sem religião",NA,"Sim","Sim","Escola",NA,"3","3","2","2","2","2","2","1","1","1","2","1",NA,"4","5","4","4","2","2","4","5","2","1","5","2","1","1","1","1","1","5","5","1","3","3","4","2","4","2","1","1","1"
"71","",NA,"Finalizadas","8 maio 2014  18:06","8 maio 2014  18:36","30 minutos 32 segundos","Sim","35 anos","Feminino","Pós-graduação","Casado (a)",NA,"Mestrado em literatura brasileira","Professora","Leciono aulas de língua inglesa","15anos","Espírita",NA,"Não","Sim","Escola",NA,"1","2","4","1","2","1","1","2","2","2","3","2","2","4","4","3","3","2","2","4","5","1","1","5","5","1","1","1","1","2","4","3","3","4","5","4","4","4","1","1","1","1"
"72","",NA,"Finalizadas","8 maio 2014  19:02","8 maio 2014  19:15","13 minutos 10 segundos","Sim","34","Feminino","Pós-graduação","Solteiro (a)","x","Filosofia","Professora","Educação","4","Espírita","x","Sim","Sim","Escola","x","2","1","1","1","1","1","2","2","1","1","1","2","2","3","4","2","2","3","2","2","3","2","3","3","3","2","2","2","2","3","4","3","3","4","3","4","3","3","3","1","1","1"
"73","",NA,"Finalizadas","8 maio 2014  19:46","8 maio 2014  19:59","13 minutos 9 segundos","Sim","49","Masculino","Pós-graduação","Casado (a)",NA,"Administração - Mestrado Profissional","Servidor Publico Federal - Administrador","Departamento de Pessoal","3","Sem religião",NA,"Não","Não",NA,NA,"5","5","5","4","5","5","5","4","2","3","4","3","3","1","4","4","2","4","3","4","5","4","2","2","4","2","3","3","3","4","4","3","3","3","4","2","3","1","4","1","1","3"
"74","",NA,"Finalizadas","8 maio 2014  20:17","8 maio 2014  20:41","23 minutos 29 segundos","Sim","26","Feminino","Pós-graduação","Solteiro (a)",NA,"bacharel e licenciada em História","estudante",NA,"3","Espírita",NA,"Sim","Sim","Família",NA,"5","1","3","5","5","5","5","3","1","3","3","3","3","3","3","5","5","3","3","3","3","5","3","3","5","5","5","5","3","3","5","3","5","3","5","3","5","1","3","3","1","5"
"75","",NA,"Finalizadas","8 maio 2014  20:54","8 maio 2014  21:29","35 minutos 40 segundos","Sim","32 anos","Masculino","Pós-graduação","Casado (a)",NA,"Bacharel Licenciado em Filosofia","Professor","Professor","6 anos","Católica",NA,"Sim","Sim","Escola",NA,"1","4","5","1","5","4","5","2","1","1","2","1","1","3","5","1","1","3","4","1","5","3","3","5","4","1","1","1","1","1","5","5","1","4","5","4","5","5","1","1","1","1"
"76","",NA,"Em progresso","8 maio 2014  21:10",NA,NA,NA,NA,NA,NA,NA,NA,NA,NA,NA,NA,NA,NA,NA,NA,NA,NA,NA,NA,NA,NA,NA,NA,NA,NA,NA,NA,NA,NA,NA,NA,NA,NA,NA,NA,NA,NA,NA,NA,NA,NA,NA,NA,NA,NA,NA,NA,NA,NA,NA,NA,NA,NA,NA,NA,NA,NA,NA,NA
"77","",NA,"Finalizadas","8 maio 2014  21:31","10 maio 2014  22:31","2 dias 1 hora","Sim","31 anos","Feminino","Pós-graduação","Divorciado (a)",NA,"Pedagogia","Professora","Professora","5 anos","Espírita",NA,"Sim","Não",NA,NA,"2","4","3","3","2","3","3","3","2","2","2","4","3","4","4","3","2","4","3","3","4","3","2","3","3","2","3","3","2","2","4","4","3","4","4","4","4","4","3","2","2","3"
"78","",NA,"Finalizadas","8 maio 2014  21:36","8 maio 2014  21:50","14 minutos 8 segundos","Sim","45","Feminino","Pós-graduação","Divorciado (a)",NA,"SUPERIOR LETRAS","Professora","Professora de Língua Portuguesa","8","Católica",NA,"Não","Sim","Escola",NA,"2","2","3","1","4","2","3","2","1","1","1","2","1","2","4","3","2","2","2","3","4","2","1","5","4","2","2","4","2","2","4","3","2","4","4","4","2","2","3","2","2","3"
"79","",NA,"Em progresso","8 maio 2014  21:45",NA,NA,NA,NA,NA,NA,NA,NA,NA,NA,NA,NA,NA,NA,NA,NA,NA,NA,NA,NA,NA,NA,NA,NA,NA,NA,NA,NA,NA,NA,NA,NA,NA,NA,NA,NA,NA,NA,NA,NA,NA,NA,NA,NA,NA,NA,NA,NA,NA,NA,NA,NA,NA,NA,NA,NA,NA,NA,NA,NA
"80","",NA,"Finalizadas","8 maio 2014  23:21","8 maio 2014  23:33","12 minutos 11 segundos","Sim","33","Feminino","Pós-graduação","Solteiro (a)","---------------------------------------------------------------------------","Pedagogia/ Psicopedagogia","Coordenadora Pedagógica","Supervisão de anos iniciais","12","Católica",NA,"Não","Sim","Escola","----------------------------------------------------------------------------","2","2","4","2","2","2","2","2","2","2","2","2","2","2","4","2","2","2","2","2","4","2","3","4","3","2","2","2","2","2","4","4","2","4","4","3","4","4","2","2","2","2"
"81","",NA,"Em progresso","8 maio 2014  23:22",NA,NA,NA,NA,NA,NA,NA,NA,NA,NA,NA,NA,NA,NA,NA,NA,NA,NA,NA,NA,NA,NA,NA,NA,NA,NA,NA,NA,NA,NA,NA,NA,NA,NA,NA,NA,NA,NA,NA,NA,NA,NA,NA,NA,NA,NA,NA,NA,NA,NA,NA,NA,NA,NA,NA,NA,NA,NA,NA,NA
"82","",NA,"Finalizadas","9 maio 2014  07:36","9 maio 2014  07:56","19 minutos 19 segundos","Sim","37","Masculino","Pós-graduação","Viúvo (a)",NA,"Bacharel Licenciado em Filosofia","professor","educação","10","Católica",NA,"Sim","Sim","Escola",NA,"2","4","1","1","1","1","1","2","2","2","2","2","1","3","5","2","1","4","1","2","5","2","4","5","2","1","1","2","1","2","5","5","2","4","5","4","5","5","2","1","1","1"
"83","",NA,"Em progresso","9 maio 2014  09:03",NA,NA,NA,NA,NA,NA,NA,NA,NA,NA,NA,NA,NA,NA,NA,NA,NA,NA,NA,NA,NA,NA,NA,NA,NA,NA,NA,NA,NA,NA,NA,NA,NA,NA,NA,NA,NA,NA,NA,NA,NA,NA,NA,NA,NA,NA,NA,NA,NA,NA,NA,NA,NA,NA,NA,NA,NA,NA,NA,NA
"84","",NA,"Finalizadas","9 maio 2014  09:21","9 maio 2014  09:34","13 minutos 10 segundos","Sim","27","Feminino","Pós-graduação","Casado (a)","nenhuma","Química","Estudante e professora","Professora","1","Católica","nenhuma","Sim","Não",NA,"nenhuma","3","1","5","2","4","2","3","2","1","1","1","3","3","3","3","3","3","4","2","3","4","3","2","3","4","3","4","4","3","2","3","3","3","3","3","3","3","3","4","3","2","3"
"85","",NA,"Finalizadas","9 maio 2014  09:38","9 maio 2014  09:54","15 minutos 5 segundos","Sim","30","Masculino","Pós-graduação","Casado (a)",NA,"Químico",NA,NA,NA,"Católica",NA,"Não","Não",NA,NA,"2","3","3","2","2","2","2","1","1","1","2","2","1","4","5","3","1","3","2","2","4","2","3","4","4","2","1","1","1","1","4","4","3","4","4","3","2","3","2","2","2","2"
"86","",NA,"Finalizadas","9 maio 2014  11:20","9 maio 2014  11:30","10 minutos 17 segundos","Sim","54","Masculino","Pós-graduação","Divorciado (a)",NA,"Engenharia Elétrica","Professor de Matemática","Diretor do Curso Oficina e ênfase Concurso","35 anos","Católica",NA,"Sim","Não",NA,NA,"3","4","4","2","2","1","3","3","4","1","3","1","2","3","5","4","3","4","3","4","4","2","1","5","1","1","1","1","1","1","5","5","3","3","3","4","4","2","3","1","1","3"
"87","",NA,"Finalizadas","9 maio 2014  11:20","9 maio 2014  11:45","24 minutos 58 segundos","Sim","33","Feminino","Pós-graduação","Casado (a)","casada","Matemática e Física","coordenação e monitoramento de projetos e eventos para educação e cultura","coordenação e monitoramento de projetos e eventos para educação e cultura","10","Católica","não tenho outra religião","Sim","Sim","Escola","amigos","1","4","1","2","3","1","2","2","2","2","2","2","1","3","4","2","3","4","2","4","4","3","1","4","4","2","2","2","2","2","4","4","3","4","4","3","4","4","2","1","4","2"
"88","",NA,"Finalizadas","9 maio 2014  12:47","9 maio 2014  12:59","12 minutos 32 segundos","Sim","32","Feminino","Pós-graduação","Outros","Separada","Especialização em História e Cultura Afro-Brasileira e Africana UFJF","Coordenadora Pedagógica e Professora Regente das Séries Iniciais","Técnica na Secretaria de Educação de Juiz de Fora - Departamento de Educação Infantil","7","Católica",NA,"Não","Não",NA,NA,"1","2","3","1","1","1","1","1","2","1","2","1","1","4","4","2","1","1","4","3","5","2","1","5","2","1","1","2","1","1","5","5","1","5","5","5","5","5","1","1","1","1"
"89","",NA,"Finalizadas","9 maio 2014  13:24","9 maio 2014  13:40","16 minutos 6 segundos","Sim","25","Masculino","Pós-graduação","Solteiro (a)",NA,"Graduado em ciências Biológicas/ Mestre em genética e Doutorando em genética","Doutorando do curso de pós-graduação em Genética e Biotecnologia","Professor","3","Católica",NA,"Sim","Sim","Escola",NA,"2","1","2","2","3","2","4","2","2","1","2","1","1","2","5","4","1","4","2","4","4","1","1","5","3","1","1","2","1","2","4","5","2","4","2","1","5","4","2","1","2","2"
"90","",NA,"Finalizadas","9 maio 2014  15:53","9 maio 2014  16:18","25 minutos 2 segundos","Sim","40","Masculino","Pós-graduação","Solteiro (a)",NA,"Bacharel e Licenciado em quimica Fundamental Industrial","Professor","Publico estadual/  municipal","15","Católica",NA,"Sim","Sim","Escola",NA,"3","4","4","4","4","3","4","2","1","4","4","1","3","4","5","5","2","5","3","3","3","5","3","5","4","4","2","5","1","4","5","2","4","2","2","4","2","4","5","4","4","4"
"91","",NA,"Finalizadas","9 maio 2014  16:08","9 maio 2014  16:30","21 minutos 51 segundos","Sim","39","Feminino","Pós-graduação","Casado (a)",NA,"Mestre em História","Professora da rede municipal de Juiz de Fora","Projovem Urbano/ rede municipal de ensino","1","Evangélica",NA,"Não","Não",NA,NA,"2","2","2","1","2","1","2","2","2","4","4","1","2","2","4","2","2","4","4","2","4","1","2","4","4","1","2","4","1","2","4","4","2","4","5","5","4","5","1","1","2","1"
"92","",NA,"Finalizadas","9 maio 2014  16:21","9 maio 2014  16:30","9 minutos 1 segundo","Sim",NA,"Feminino","Pós-graduação","Casado (a)",NA,NA,"PROFESSORA","PROFESSORA","10","Católica",NA,"Sim","Sim","Escola","FAMILIA","4","3","5","3","3","1","5","1","1","1","1","1","1","1","5","1","1","1","2","2","4","5","1","3","4","2","3","3","3","1","5","5","2","4","3","3","3","3","3","1","2","2"
"93","",NA,"Finalizadas","9 maio 2014  16:43","9 maio 2014  16:52","8 minutos 56 segundos","Sim","27","Feminino","Pós-graduação","Casado (a)",NA,"Letras - Português e Literatura","Professora de português","Professora","3","Católica",NA,"Não","Sim","Escola",NA,"3","4","4","3","3","3","2","1","2","4","4","2","3","3","5","4","2","3","3","3","4","4","2","3","4","3","3","4","2","2","4","3","3","3","5","2","3","3","4","1","1","3"
"94","",NA,"Finalizadas","9 maio 2014  18:10","9 maio 2014  18:27","16 minutos 58 segundos","Não","66 anos","Feminino","Pós-graduação","Outros","separada judicialmente","história","servidora pública","analista educacional","12","Sem religião",NA,"Sim","Não",NA,NA,"3","3","2","2","3","3","3","2","2","2","2","4","4","4","3","3","2","2","2","2","4","2","4","2","4","2","2","3","2","2","4","3","2","4","4","4","4","3","4","2","2","2"
"95","",NA,"Finalizadas","9 maio 2014  18:42","9 maio 2014  19:16","34 minutos 33 segundos","Sim","47","Masculino","Ensino Superior Completo","Casado (a)",NA,"Professor","Professor","Ensino fundamental, médio e cursinhos.","20","Outras","Testemunhas de Jeová","Não","Não",NA,NA,"3","5","5","3","5","3","5","3","1","3","4","1","1","1","5","4","1","4","4","3","5","5","1","1","4","1","4","5","4","3","4","3","4","4","4","2","2","1","4","2","2","3"
"96","",NA,"Finalizadas","9 maio 2014  20:03","12 maio 2014  12:48","2 dias 16 horas","Sim","32","Feminino","Pós-graduação","Casado (a)","nenhum","graduação em Sistemas de Informação, pós-graduação em Tecnologias em Ensino a Distância","ATB - Assistente Técnico de Educação Básica (secretaria escola estadual)","ATB - Assistente Técnico de Educação Básica","1 ano e 5 meses","Católica","nenhum","Não","Sim","Família","comunidade","2","4","4","1","4","2","3","3","2","3","3","2","3","3","3","3","2","3","4","3","4","2","2","4","3","2","2","3","2","2","4","4","3","3","4","3","4","4","3","2","2","2"
"97","",NA,"Finalizadas","9 maio 2014  20:33","9 maio 2014  21:13","40 minutos 47 segundos","Sim","49","Feminino","Pós-graduação","Casado (a)",NA,"Professora de Língua Portuguesa","Professora","Professora em escola do município de São Jõao del Rei","19","Católica",NA,"Sim","Não",NA,NA,"2","2","4","1","2","2","2","1","1","2","2","1","2","4","4","2","1","3","2","3","4","2","2","2","2","1","1","2","2","2","4","4","3","4","5","4","3","4","2","2","1","2"
"98","",NA,"Finalizadas","9 maio 2014  20:45","9 maio 2014  20:58","12 minutos 51 segundos","Sim","33","Feminino","Pós-graduação","Casado (a)",NA,"mestre em ecologia","biologa","AVPLAN CONSULTORIA GEO-AMBIENTALLTDA","11","Católica",NA,"Sim","Não",NA,NA,"1","2","2","1","2","2","2","1","1","2","2","2","2","3","4","2","1","2","1","1","3","2","2","4","2","1","2","2","1","1","4","4","3","3","3","3","3","3","3","2","3","2"
"99","",NA,"Finalizadas","9 maio 2014  21:20","9 maio 2014  22:07","46 minutos 29 segundos","Sim","56","Feminino","Pós-graduação","Solteiro (a)",NA,"Leiras","professora","Rede Municipal","22 anos","Católica",NA,"Não","Não",NA,NA,"3","5","4","2","4","4","4","2","2","2","2","2","2","4","5","2","2","2","2","2","5","2","2","4","2","2","2","3","3","2","4","4","3","4","4","2","4","4","4","2","1","3"
"100","",NA,"Em progresso","9 maio 2014  21:21",NA,NA,NA,NA,NA,NA,NA,NA,NA,NA,NA,NA,NA,NA,NA,NA,NA,NA,NA,NA,NA,NA,NA,NA,NA,NA,NA,NA,NA,NA,NA,NA,NA,NA,NA,NA,NA,NA,NA,NA,NA,NA,NA,NA,NA,NA,NA,NA,NA,NA,NA,NA,NA,NA,NA,NA,NA,NA,NA,NA
"101","",NA,"Finalizadas","9 maio 2014  21:40","9 maio 2014  21:56","16 minutos","Sim","36","Feminino","Pós-graduação","Casado (a)",NA,"Especialização em Gestão Educacional","Professora","Prefeitura Municipal de Juiz de Fora","4 anos","Evangélica",NA,"Sim","Não",NA,NA,"2","4","2","2","3","3","4","2","2","2","3","2","2","3","5","2","1","4","3","1","5","4","2","4","4","2","2","3","1","1","5","5","4","4","4","2","5","5","1","1","1","2"
"102","",NA,"Finalizadas","9 maio 2014  23:03","9 maio 2014  23:16","12 minutos 37 segundos","Sim","50","Masculino","Pós-graduação","Outros","União Estável","Cirurgião Dentista","Cirurgião Dentista","Prefeitura de Juiz de Fora","25","Católica",NA,"Sim","Sim","Serviços de Saúde",NA,"4","4","5","4","5","5","5","4","1","4","5","2","2","1","5","2","1","5","2","2","5","5","1","4","4","1","2","2","3","1","5","5","3","3","4","1","4","3","3","2","2","2"
"103","",NA,"Finalizadas","9 maio 2014  23:05","9 maio 2014  23:21","15 minutos 52 segundos","Sim","43 anos","Feminino","Pós-graduação","Divorciado (a)",NA,"Licenciatura Plena em Letras / Especialista em Tecnologia da Comunicação e Informação no Ensino Fundamental","Professora","Professora","16 anos","Evangélica",NA,"Não","Sim","Escola",NA,"2","4","3","2","4","4","2","2","2","2","2","2","4","2","4","2","2","4","2","4","4","4","2","4","4","2","2","2","2","1","4","4","2","4","5","2","2","4","2","1","2","2"
"104","",NA,"Finalizadas","10 maio 2014  00:25","10 maio 2014  00:37","12 minutos 33 segundos","Sim","34","Feminino","Pós-graduação","Casado (a)",NA,"Pedagoga","Professora","Prefeitura Municipal de Juiz de Fora","5","Católica",NA,"Não","Não",NA,NA,"3","4","3","2","3","2","2","3","4","2","3","2","2","4","4","3","2","2","2","2","4","3","3","5","4","2","2","2","2","2","4","4","2","4","4","4","4","4","2","2","1","2"
"105","",NA,"Finalizadas","10 maio 2014  07:21","10 maio 2014  07:47","25 minutos 54 segundos","Sim","36","Feminino","Pós-graduação","Casado (a)",NA,"Mestranda em Educação Matemática","Professora na rede municipal e privada","Professora regente de turma de Matemática e Física","16 anos","Espírita",NA,"Sim","Sim","Escola",NA,"3","3","3","2","3","2","3","3","2","1","2","3","3","3","4","4","2","4","3","3","5","2","3","2","4","2","2","2","2","2","5","4","2","3","2","3","2","3","2","3","2","3"
"106","",NA,"Finalizadas","10 maio 2014  10:58","10 maio 2014  11:18","20 minutos 2 segundos","Sim","28","Feminino","Pós-graduação","Solteiro (a)",NA,"Letras","Professora","Escola municipal","5 anos","Católica",NA,"Não","Sim","Escola",NA,"2","4","4","2","2","2","2","2","2","2","3","2","2","4","5","2","1","4","2","2","5","3","3","4","3","1","1","2","1","1","5","5","3","4","5","3","4","3","3","1","1","2"
"107","",NA,"Finalizadas","10 maio 2014  13:35","10 maio 2014  14:03","28 minutos 38 segundos","Sim","34","Feminino","Pós-graduação","Divorciado (a)",NA,"Pós graduada em Educação Física e Direto","Professora","Professora","12","Católica",NA,"Não","Sim","Outros","Família, escola, convívio social","1","2","2","1","2","2","2","3","2","2","3","4","2","4","4","2","2","2","2","2","5","2","5","3","2","1","2","4","2","2","4","4","3","2","4","3","2","3","2","2","4","2"
"108","",NA,"Finalizadas","10 maio 2014  13:44","10 maio 2014  14:27","43 minutos 59 segundos","Sim","34","Feminino","Pós-graduação","Casado (a)","não tenho","graduação em Pedagogia e especialização em Educação Especial","Professora das séries iniciais e supervisora pedagógica","Escolas Estaduais do município de juiz de Fora","15","Católica","não tenho","Sim","Sim","Escola","não tenho","2","2","2","2","3","2","2","2","2","3","4","3","3","3","4","4","2","3","3","3","4","3","2","4","4","2","2","3","2","2","4","4","3","3","4","3","4","3","3","2","2","4"
"109","",NA,"Finalizadas","10 maio 2014  17:39","10 maio 2014  17:52","13 minutos 3 segundos","Sim","36","Feminino","Pós-graduação","Casado (a)",NA,"Pedagogia","Professora","Regência de sala","7","Católica",NA,"Não","Não",NA,NA,"3","2","3","2","3","2","2","1","1","2","2","1","1","2","4","3","1","2","2","2","4","2","2","4","4","2","1","1","1","1","4","4","3","3","4","3","4","4","3","2","2","2"
"110","",NA,"Finalizadas","10 maio 2014  18:39","10 maio 2014  18:55","16 minutos 21 segundos","Sim","37 anos","Feminino","Pós-graduação","Solteiro (a)",NA,"Direito","Professora e Advogada","Professora e Advogada","12 anos","Católica",NA,"Sim","Não",NA,NA,"2","2","3","3","4","3","3","1","1","2","1","2","2","4","4","5","1","3","3","2","5","4","2","2","3","2","1","3","2","2","4","4","3","3","4","3","3","3","3","2","3","4"
"111","",NA,"Em progresso","10 maio 2014  18:56",NA,NA,NA,NA,NA,NA,NA,NA,NA,NA,NA,NA,NA,NA,NA,NA,NA,NA,NA,NA,NA,NA,NA,NA,NA,NA,NA,NA,NA,NA,NA,NA,NA,NA,NA,NA,NA,NA,NA,NA,NA,NA,NA,NA,NA,NA,NA,NA,NA,NA,NA,NA,NA,NA,NA,NA,NA,NA,NA,NA
"112","",NA,"Finalizadas","10 maio 2014  19:08","10 maio 2014  19:34","26 minutos 5 segundos","Sim","54 anos","Feminino","Pós-graduação","Divorciado (a)",NA,"Licenciatura História","Professor","Aulas Escola Pública","28 anos","Outras","Xamanismo","Sim","Sim","Escola",NA,"3","2","3","3","3","3","3","2","2","2","2","2","2","2","5","3","1","4","3","2","3","2","3","4","4","2","2","2","3","2","4","4","3","3","4","3","3","3","3","2","2","3"
"113","",NA,"Finalizadas","10 maio 2014  19:57","10 maio 2014  20:26","29 minutos 22 segundos","Sim","27","Feminino","Pós-graduação","Outros","Amasiado","Ciências Sociais","Professora","Funcionária Pública Estadual","7","Outras","Santo Daime","Sim","Não","Outros","Não lido","1","1","1","1","1","1","1","1","2","1","1","1","1","5","5","3","1","3","2","2","3","1","1","2","1","1","1","1","1","1","5","5","1","5","4","5","5","4","1","2","2","1"
"114","",NA,"Finalizadas","10 maio 2014  19:59","10 maio 2014  20:26","26 minutos 51 segundos","Sim","45","Feminino","Pós-graduação","Casado (a)",NA,"Licenciatura Plena em Letras","Professora das redes municipal e estadual","Professora","16","Católica",NA,"Sim","Sim","Escola","Escola Estadual José Edson Cavalieri (Penitenciária)","2","4","2","2","4","2","2","2","1","2","3","1","2","1","5","2","1","1","4","1","4","3","1","4","4","1","1","1","1","1","5","5","1","5","5","5","5","5","1","1","1","1"
"115","",NA,"Finalizadas","10 maio 2014  20:52","10 maio 2014  21:15","23 minutos 25 segundos","Sim","36","Feminino","Ensino Superior Completo","Casado (a)",NA,"Educação Física","Professora","Professora de educação","7","Espírita",NA,"Sim","Sim","Escola",NA,"3","4","2","2","2","2","3","2","1","1","1","2","2","4","5","2","2","1","3","2","3","5","4","5","4","2","2","3","3","2","4","4","3","3","4","4","3","3","3","1","2","2"
"116","",NA,"Finalizadas","10 maio 2014  21:36","10 maio 2014  21:49","12 minutos 22 segundos","Sim","39","Feminino","Pós-graduação","Outros","União estável","Comunicação","Editora","Público","3","Católica",NA,"Sim","Não",NA,NA,"2","2","5","2","2","2","2","2","2","1","1","1","2","4","4","2","1","1","1","1","3","1","4","4","2","1","1","1","1","1","5","5","1","2","4","4","4","4","2","2","2","1"
"117","",NA,"Finalizadas","10 maio 2014  22:14","10 maio 2014  22:50","35 minutos 56 segundos","Sim","36","Feminino","Ensino Superior Completo","Casado (a)",NA,"Letras","Professora","Revisora","8","Espírita",NA,"Não","Sim","Escola",NA,"2","2","2","2","2","2","2","1","1","1","1","2","2","2","4","1","1","2","2","2","4","1","2","4","2","2","2","1","3","1","5","5","2","3","5","4","4","3","3","1","1","3"
"118","",NA,"Finalizadas","10 maio 2014  22:57","10 maio 2014  23:12","14 minutos 44 segundos","Sim","41","Feminino","Pós-graduação","Casado (a)",NA,"PSICÓLOGA","PSICÓLOGA","CRECHE","11","Católica",NA,"Sim","Sim","Outros","TRABALHO","2","2","5","2","2","2","3","2","1","3","2","2","3","2","4","2","2","3","2","2","4","5","3","4","4","2","2","3","2","2","4","4","3","4","3","4","3","3","4","2","2","5"
"119","",NA,"Finalizadas","10 maio 2014  23:12","10 maio 2014  23:25","13 minutos 12 segundos","Sim","34","Feminino","Pós-graduação","Casado (a)",NA,"Enfermeira","Docente","ensino superior","8","Sem religião",NA,"Sim","Não",NA,NA,"1","1","3","1","1","1","1","1","1","2","2","1","1","4","5","2","1","4","1","1","5","2","1","5","5","1","1","3","1","1","5","5","1","4","5","3","4","4","2","1","1","5"
"120","",NA,"Finalizadas","11 maio 2014  00:07","11 maio 2014  00:43","35 minutos 59 segundos","Sim","37","Feminino","Pós-graduação","Casado (a)",NA,"Licenciatura em Matemática","Professora","Leciono matemática para adolescentes ( 6 ao 9 ano)","18","Evangélica",NA,"Sim","Sim","Outros","Presídio","2","4","2","2","2","2","2","2","4","3","3","2","2","3","4","1","1","2","1","2","4","2","2","4","2","1","1","1","1","1","5","5","2","3","5","4","4","5","2","2","1","5"
"121","",NA,"Finalizadas","11 maio 2014  00:14","11 maio 2014  00:28","14 minutos 1 segundo","Sim","32","Feminino","Pós-graduação","Casado (a)",NA,"Licenciada em Letras","Professora","Escola Pública","9 anos","Católica",NA,"Sim","Sim","Escola",NA,"2","4","5","4","4","5","2","2","2","2","2","2","2","2","5","5","2","2","2","2","4","3","2","2","5","2","2","4","4","2","5","4","4","2","2","1","2","2","5","2","4","2"
"122","",NA,"Finalizadas","11 maio 2014  07:57","11 maio 2014  08:09","11 minutos 23 segundos","Sim","38","Feminino","Pós-graduação","Casado (a)",NA,"Peagogia","Professora","professora ensino básico","4 anos","Católica",NA,"Sim","Sim","Família",NA,"5","5","5","3","5","5","5","5","2","1","2","2","2","2","5","2","1","5","2","1","3","1","1","4","4","1","2","4","1","2","4","4","5","2","5","5","4","4","2","1","1","5"
"123","",NA,"Finalizadas","11 maio 2014  09:44","11 maio 2014  10:00","16 minutos 3 segundos","Sim","38","Feminino","Pós-graduação","Solteiro (a)",NA,"Letras","Professora","Professora","9","Católica",NA,"Sim","Sim","Escola",NA,"3","2","4","2","2","2","2","2","2","2","2","2","2","2","4","2","2","4","2","2","3","2","2","2","3","2","2","2","2","2","3","4","3","3","5","2","5","3","3","2","2","2"
"124","",NA,"Em progresso","11 maio 2014  10:08",NA,NA,NA,NA,NA,NA,NA,NA,NA,NA,NA,NA,NA,NA,NA,NA,NA,NA,NA,NA,NA,NA,NA,NA,NA,NA,NA,NA,NA,NA,NA,NA,NA,NA,NA,NA,NA,NA,NA,NA,NA,NA,NA,NA,NA,NA,NA,NA,NA,NA,NA,NA,NA,NA,NA,NA,NA,NA,NA,NA
"125","",NA,"Finalizadas","11 maio 2014  10:33","11 maio 2014  10:44","11 minutos 22 segundos","Sim","25 anos","Feminino","Pós-graduação","Solteiro (a)",NA,"Psicologia","Psicóloga","RH de empresa privada","4","Católica",NA,"Sim","Sim","Família","Amigos também","2","2","3","1","2","2","2","3","1","1","2","1","1","4","4","4","1","3","1","1","5","1","4","5","3","1","2","2","2","2","4","4","2","5","5","4","4","3","3","1","1","4"
"126","",NA,"Em progresso","11 maio 2014  10:45",NA,NA,NA,NA,NA,NA,NA,NA,NA,NA,NA,NA,NA,NA,NA,NA,NA,NA,NA,NA,NA,NA,NA,NA,NA,NA,NA,NA,NA,NA,NA,NA,NA,NA,NA,NA,NA,NA,NA,NA,NA,NA,NA,NA,NA,NA,NA,NA,NA,NA,NA,NA,NA,NA,NA,NA,NA,NA,NA,NA
"127","",NA,"Finalizadas","11 maio 2014  13:40","11 maio 2014  14:16","36 minutos 1 segundo","Sim","41","Masculino","Ensino Superior Completo","Casado (a)",NA,"Licenciatura Plena em Química EAD - UFJF.","AGENTE SÓCIO EDUCATIVO/MG E TUTOR EAD UFJF Curso prevenção do uso de drogas para EDUCADORES DE ESCOLAS PÚBLICAS.","SEGURANÇA PÚBLICA DO ESTADO DE MINAS GERAIS.","19 ANOS","Católica",NA,"Sim","Sim","Outros","Sou Agente Sócio Educativo do Estado de Minas Gerais. Trabalho com Crianças e Adolescentes que estão acautelados por crime análogo ao adulto. Maioria por tráfico, homicídio e outros.","3","4","4","4","4","4","3","2","2","3","3","2","2","4","4","3","3","4","3","3","3","4","2","4","3","3","2","2","2","2","4","3","4","4","4","3","4","3","3","2","2","3"
"128","",NA,"Finalizadas","11 maio 2014  15:39","11 maio 2014  16:02","22 minutos 32 segundos","Sim","43","Feminino","Pós-graduação","Casado (a)",NA,"Pedagogia","Professor","professor regente","7 anos","Evangélica",NA,"Não","Não",NA,NA,"2","4","4","2","2","2","2","2","1","2","2","1","2","1","5","2","2","3","2","2","2","2","1","4","3","2","2","2","1","2","4","2","3","3","2","3","2","3","3","2","2","4"
"129","",NA,"Finalizadas","11 maio 2014  16:34","11 maio 2014  16:49","15 minutos 14 segundos","Sim","38","Feminino","Pós-graduação","Casado (a)",NA,"Licenciatura Geografia - Especialização Geografia do Brasil","Professora","Professora regente","18","Evangélica",NA,"Sim","Sim","Família","família e escola","3","3","4","3","2","3","3","2","2","2","4","2","4","4","5","3","2","4","2","3","4","2","2","2","4","2","3","3","2","2","4","3","3","4","4","2","4","3","4","1","1","5"
"130","",NA,"Finalizadas","11 maio 2014  20:39","11 maio 2014  20:59","20 minutos 1 segundo","Sim","48","Feminino","Pós-graduação","Casado (a)","nao","Pedagogia - Mestrado em Midia e Conhecimento","Inspetora Escola SEE MG","Inspetora Escolar - Analista da Educação","23","Sem religião","nao","Sim","Sim","Família","escola","3","4","4","3","4","3","4","4","1","2","4","2","2","2","5","4","2","4","2","1","4","3","3","4","4","2","2","3","2","1","4","4","2","4","5","2","5","3","1","1","1","2"
"131","",NA,"Finalizadas","11 maio 2014  20:58","11 maio 2014  21:27","29 minutos 1 segundo","Sim","35","Feminino","Pós-graduação","Casado (a)",NA,"Pedagogia","Coordenadora Pedagógica e Professora","Coordenação e sala de aula","quinze anos na Educação","Católica",NA,"Sim","Sim","Família",NA,"2","3","2","2","2","4","2","2","2","4","4","2","2","1","5","2","2","4","2","4","5","4","2","4","4","2","1","2","2","1","4","4","2","4","4","4","2","3","2","2","2","2"
"132","",NA,"Em progresso","11 maio 2014  22:24",NA,NA,NA,NA,NA,NA,NA,NA,NA,NA,NA,NA,NA,NA,NA,NA,NA,NA,NA,NA,NA,NA,NA,NA,NA,NA,NA,NA,NA,NA,NA,NA,NA,NA,NA,NA,NA,NA,NA,NA,NA,NA,NA,NA,NA,NA,NA,NA,NA,NA,NA,NA,NA,NA,NA,NA,NA,NA,NA,NA
"133","",NA,"Finalizadas","11 maio 2014  22:25","11 maio 2014  22:43","17 minutos 4 segundos","Sim","60","Feminino","Pós-graduação","Outros","união estável 30 anos",NA,"aposentada",NA,"28","Católica",NA,"Sim","Não",NA,NA,"2","5","4","1","2","1","2","1","2","2","2","1","1","4","5","2","2","4","2","4","3","3","2","4","2","2","1","4","2","2","4","4","2","3","4","4","4","5","2","2","1","2"
"134","",NA,"Finalizadas","11 maio 2014  22:28","11 maio 2014  22:38","9 minutos 50 segundos","Sim","36","Feminino","Pós-graduação","Outros","União Estável","HIstória","Professora de Educação Básica e Tutora à distância",NA,"8","Outras","Não tenho religião","Não","Sim","Outros","Escola e Família","2","3","2","1","2","1","2","2","3","2","2","2","2","3","3","2","2","2","2","2","4","3","3","4","4","2","2","3","2","2","4","4","2","3","3","3","4","3","3","2","2","2"
"135","",NA,"Finalizadas","11 maio 2014  22:46","11 maio 2014  23:10","23 minutos 28 segundos","Sim","35","Feminino","Pós-graduação","Casado (a)","nenhum outro","Graduada em Letras, Lingua Espanhola e em Fonoaudiologia, pos-graduada em Ensino de Lingua Portuguesa","professora e fonoaudiologa","Escola Estadual Conego Joaquim Monteiro, Matias Barbosa, MG","07","Espírita","nenhuma outra","Não","Sim","Escola","nenhum outro","3","2","3","3","2","3","2","2","1","1","3","2","3","4","5","2","1","3","2","1","5","3","3","3","3","2","1","3","2","1","4","4","3","4","4","3","3","3","3","2","1","3"
"136","",NA,"Finalizadas","12 maio 2014  08:12","12 maio 2014  08:24","12 minutos 33 segundos","Sim","50","Masculino","Pós-graduação","Divorciado (a)","Não há","Ciencias Biológicas - Educação Ambiental","Professor","Escola Municipal em Juiz de Fora - Professor","22","Espírita","Não há","Sim","Sim","Escola","Família","1","2","4","1","2","1","1","2","2","1","1","1","1","2","5","1","1","2","1","1","5","4","5","5","1","1","1","4","1","1","5","5","1","5","5","4","5","5","1","1","1","1"
"137","",NA,"Finalizadas","12 maio 2014  09:17","12 maio 2014  20:15","10 horas 57 minutos","Sim","37 anos","Feminino","Pós-graduação","Solteiro (a)",NA,"Licenciatura Plena em Letras","Professora","Professora Regente","10","Católica",NA,"Sim","Sim","Escola",NA,"1","4","4","2","2","2","2","1","1","1","1","2","3","1","5","1","1","4","2","1","5","4","1","4","5","1","2","4","2","1","4","4","4","4","4","2","2","2","5","1","1","2"
"138","",NA,"Finalizadas","12 maio 2014  09:33","12 maio 2014  10:27","53 minutos 58 segundos","Sim","45","Feminino","Pós-graduação","Divorciado (a)",NA,"Ciências biológicas","Tutora em curso à distância e estudante de pós graduação","Professora","Como professora 11anos","Sem religião",NA,"Sim","Sim","Outros","No círculo de amigos","2","3","1","1","1","1","1","3","2","2","1","2","2","4","5","2","1","2","1","1","3","3","3","3","4","1","1","1","1","1","5","4","3","4","4","4","3","3","3","1","1","2"
"139","",NA,"Finalizadas","12 maio 2014  10:48","12 maio 2014  12:07","1 hora 19 minutos","Sim","29","Feminino","Pós-graduação","Casado (a)",NA,"Pedagogia e Especialista em Supervisão e Inspeção Escolar","Monitora","Educação","7","Evangélica",NA,"Sim","Não","Outros",NA,"3","2","3","3","2","3","3","3","3","2","2","2","2","2","5","3","2","2","3","3","4","2","2","2","3","1","1","3","2","1","4","2","3","2","3","2","3","3","3","2","2","1"
"140","",NA,"Em progresso","12 maio 2014  12:01",NA,NA,NA,NA,NA,NA,NA,NA,NA,NA,NA,NA,NA,NA,NA,NA,NA,NA,NA,NA,NA,NA,NA,NA,NA,NA,NA,NA,NA,NA,NA,NA,NA,NA,NA,NA,NA,NA,NA,NA,NA,NA,NA,NA,NA,NA,NA,NA,NA,NA,NA,NA,NA,NA,NA,NA,NA,NA,NA,NA
"141","",NA,"Finalizadas","12 maio 2014  13:18","12 maio 2014  13:34","15 minutos 51 segundos","Sim","37","Masculino","Pós-graduação","Outros","União Estável","Graduação em Educação Física","Professor","Docência e pesquisa","12","Espírita",NA,"Sim","Não",NA,NA,"3","4","5","2","2","2","3","3","2","2","3","2","2","1","4","3","2","4","2","3","3","4","1","5","4","2","3","3","3","1","4","5","4","4","3","4","3","4","3","2","1","3"
"142","",NA,"Finalizadas","12 maio 2014  19:26","12 maio 2014  19:47","20 minutos 36 segundos","Sim","26","Feminino","Pós-graduação","Solteiro (a)",NA,"Pedagogia","Professora","Professora","9 anos","Evangélica",NA,"Sim","Não",NA,NA,"1","3","2","1","1","1","2","2","1","2","2","2","2","3","5","1","1","1","1","1","5","4","3","5","1","2","1","2","1","1","5","4","2","4","5","4","5","3","2","1","5","2"
"143","",NA,"Finalizadas","12 maio 2014  19:45","12 maio 2014  20:15","30 minutos 1 segundo","Sim","56","Feminino","Pós-graduação","Casado (a)",NA,"Pedagogia -psicopedagogia -Matemática incompleto","professora -psicopedagoga","professor regente -psicopedagoga","26","Católica",NA,"Sim","Sim","Escola",NA,"1","1","4","2","2","2","2","2","1","1","1","1","2","1","4","2","2","4","2","2","4","4","2","4","4","2","2","4","2","2","4","4","4","4","4","2","2","2","4","1","1","2"
"144","",NA,"Finalizadas","12 maio 2014  20:01","12 maio 2014  20:11","9 minutos 41 segundos","Sim","34","Feminino","Pós-graduação","Solteiro (a)",NA,NA,"professor",NA,"11","Evangélica",NA,"Não","Não",NA,NA,"2","4","2","2","2","2","2","2","1","1","2","1","1","2","5","3","1","4","2","3","4","2","2","4","2","2","2","2","2","2","5","5","3","4","4","3","4","3","3","1","2","2"
"145","",NA,"Finalizadas","12 maio 2014  20:04","12 maio 2014  20:18","14 minutos 32 segundos","Sim","40","Feminino","Pós-graduação","Casado (a)",NA,"MESTRADO  GESTÃO E AVALIAÇÃO DA EDUCAÇÃO PUBLICA","DOCENTE","GESTORA ESCOLAR","20","Católica",NA,"Sim","Sim","Escola",NA,"1","2","4","1","2","2","2","1","1","2","2","1","1","1","4","2","1","1","1","1","5","2","1","4","1","2","1","1","1","2","4","5","2","4","4","3","4","4","2","1","1","5"
"146","",NA,"Finalizadas","12 maio 2014  20:12","12 maio 2014  20:24","11 minutos 55 segundos","Sim","54","Feminino","Pós-graduação","Casado (a)",NA,"Graduada em Pedagogia com especialização em Psicopedagogia","Coordenadora pedagógica da rede municipal de ensino de Juiz de Fora/MG","Atuando como coordenadora pedagógica no Departamento de Educação Infantil/ Secretaria de Educação Juiz de Fora/MG","31","Católica",NA,"Não","Não",NA,NA,"2","2","2","2","2","2","2","2","2","2","4","4","2","2","4","2","2","2","2","2","4","2","2","1","2","1","2","2","2","1","2","4","1","2","4","2","4","3","2","2","1","2"
"147","",NA,"Em progresso","12 maio 2014  20:16",NA,NA,NA,NA,NA,NA,NA,NA,NA,NA,NA,NA,NA,NA,NA,NA,NA,NA,NA,NA,NA,NA,NA,NA,NA,NA,NA,NA,NA,NA,NA,NA,NA,NA,NA,NA,NA,NA,NA,NA,NA,NA,NA,NA,NA,NA,NA,NA,NA,NA,NA,NA,NA,NA,NA,NA,NA,NA,NA,NA
"148","",NA,"Finalizadas","12 maio 2014  21:33","12 maio 2014  21:53","20 minutos","Sim","39","Feminino","Pós-graduação","Casado (a)",NA,"Pós- graduação Educação Infantil","Professora","Escola Municipal","12","Católica",NA,"Não","Sim","Escola",NA,"2","3","4","3","2","2","2","2","1","2","2","2","3","2","4","2","2","3","3","2","4","2","3","4","4","2","3","4","2","2","4","3","4","4","4","4","4","3","2","2","2","5"
"149","",NA,"Finalizadas","13 maio 2014  12:42","13 maio 2014  12:58","15 minutos 55 segundos","Sim","30","Feminino","Pós-graduação","Solteiro (a)",NA,"Psicologia","Estudante de Doutorado",NA,NA,"Católica",NA,"Sim","Sim","Serviços de Saúde",NA,"1","1","1","1","1","1","1","1","4","2","1","1","1","5","5","1","1","1","1","1","3","1","1","5","2","1","1","1","1","1","5","5","1","5","5","4","5","5","1","1","1","1"
"150","",NA,"Finalizadas","13 maio 2014  15:06","13 maio 2014  15:18","12 minutos 1 segundo","Sim","36","Feminino","Pós-graduação","Solteiro (a)",NA,"curso superior em Direito","advogada","professora","12 anos","Espírita",NA,"Sim","Não",NA,NA,"2","2","2","1","2","2","2","1","2","1","2","1","2","4","4","2","1","2","2","1","4","4","1","1","2","1","1","2","1","1","5","5","2","5","4","4","4","2","4","1","1","2"
"151","",NA,"Finalizadas","13 maio 2014  19:12","13 maio 2014  19:34","21 minutos 43 segundos","Sim","33","Feminino","Pós-graduação","Casado (a)",NA,"Licenciatura em Letras","Secretária Executiva",NA,"13","Evangélica",NA,"Não","Não",NA,NA,"2","4","3","2","3","2","2","2","2","1","3","2","2","2","5","2","1","1","1","2","3","4","3","5",NA,"1","2","3","1","1","3","4","3","3","3","3","2","3","3","2","2","3"
"152","",NA,"Finalizadas","13 maio 2014  21:15","13 maio 2014  21:29","13 minutos 33 segundos","Sim","26","Feminino","Pós-graduação","Casado (a)",NA,"Mestrado em educação","professora","professora","5","Sem religião",NA,"Sim","Sim","Outros","amigos","2","2","4","2","3","3","2","3","2","2","2","3","2","4","4","3","1","2","1","3","4","4","1","5","3","1","2","2","2","1","4","4","3","4","4","3","4","4","2","1","2","2"
"153","",NA,"Finalizadas","13 maio 2014  21:36","13 maio 2014  22:14","37 minutos 55 segundos","Sim","33","Feminino","Pós-graduação","Casado (a)",NA,"Pedagoga","Professora","Professora","8","Evangélica",NA,"Não","Não",NA,NA,"3","4","3","3","4","4","5","3","1","4","4","3","1","1","5","5","1","4","3","3","3","5","2","5","4","2","1","1","1","1","4","4","2","4","4","3","2","3","2","2","2","2"
"154","",NA,"Finalizadas","13 maio 2014  21:47","13 maio 2014  22:03","15 minutos 57 segundos","Sim","28","Feminino","Pós-graduação","Solteiro (a)",NA,"Graduação em Letras e especialização em História e Cultura afrobrasileira e africana.","Professor de educação básica","Professor","4 anos","Evangélica",NA,"Sim","Sim","Escola",NA,"2","2","2","4","4","2","2","2","1","2","4","4","3","4","5","2","2","4","4","4","5","4","1","5","4","2","1","4","2","1","5","5","2","5","5","3","1","4","4","1","1","2"
"155","",NA,"Finalizadas","13 maio 2014  23:02","13 maio 2014  23:18","15 minutos 38 segundos","Sim","40","Feminino","Pós-graduação","Casado (a)",NA,"Letras","Professora","Escola Pública","6","Católica",NA,"Sim","Sim","Escola",NA,"2","4","2","2","3","2","3","2","2","2","2","2","4","2","4","3","4","4","3","4","4","2","2","4","3","4","2","2","2","3","4","2","3","4","3","3","3","3","4","2","2","2"
"156","",NA,"Finalizadas","13 maio 2014  23:15","13 maio 2014  23:33","17 minutos 14 segundos","Sim","33 anos","Feminino","Pós-graduação","Casado (a)",NA,"pós graduação","professora","professora particular e tutoria","15 anos","Espírita",NA,"Não","Sim","Família",NA,"4","4","2","3","2","4","4","3","2","1","2","1","4","4","4","3","2","4","3","3","4","4","2","4","4","2","3","3","2","2","4","3","4","2","4","1","5","2","4","2","1","3"
"157","",NA,"Finalizadas","13 maio 2014  23:31","13 maio 2014  23:59","27 minutos 59 segundos","Sim","39","Feminino","Pós-graduação","Divorciado (a)",NA,"Professora","Professora da rede pública estadual","Docente","14","Católica",NA,"Não","Sim","Família",NA,"2","4","4","2","3","3","2","3","1","1","2","1","1","1","4","3","1","5","3","3","4","4","1","4","4","1","3","4","1","2","4","5","3","4","5","4","4","2","3","1","1","2"
"158","",NA,"Finalizadas","14 maio 2014  09:54","14 maio 2014  10:03","9 minutos 44 segundos","Sim","29","Feminino","Pós-graduação","Solteiro (a)",NA,"Licenciada em Geografia e pós graduada em História e Cultura Afro-brasileira e africana","Professora da rede pública estadual e tutora no CPUD","docência","4 anos","Católica",NA,"Não","Não",NA,NA,"1","4","4","1","2","1","1","1","1","1","2","2","2","4","5","2","2","1","2","4","5","4","2","5","2","2","2","2","2","2","4","4","2","4","5","4","2","3","3","2","2","2"
"159","",NA,"Finalizadas","14 maio 2014  11:20","14 maio 2014  11:26","6 minutos 29 segundos","Sim","30","Feminino","Pós-graduação","Solteiro (a)",NA,NA,"Docente","Professora da rede municipal e rede estadual","7","Católica",NA,"Sim","Sim","Escola",NA,"2","4","4","3","2","2","2","2","2","3","3","3","3","3","4","3","2","2","2","3","4","2","2","4","3","2","3","3","2","2","4","4","2","4","3","3","3","3","3","2","2","3"
"160","",NA,"Finalizadas","14 maio 2014  14:12","14 maio 2014  14:27","14 minutos 10 segundos","Sim","46","Masculino","Pós-graduação","Casado (a)",NA,"Direito","Advogado e Professor","Advogado e Professor","15","Católica",NA,"Sim","Não",NA,NA,"2","1","2","3","2","2","2","3","2","2","2","2","2","2","4","2","2","4","2","2","4","2","2","2","3","2","2","2","2","2","4","4","3","3","3","2","4","4","2","2","2","2"
"161","",NA,"Finalizadas","14 maio 2014  16:04","14 maio 2014  16:22","17 minutos 24 segundos","Sim","52","Feminino","Pós-graduação","Casado (a)","casada","Nível Superior e Pós graduação","Professora","escola","29","Católica","católica","Sim","Sim","Família","escola","3","4","4","4","4","4","4","4","2","3","2","2","2","2","5","4","3","2","2","2","5","2","4","4","4","2","2","4","2","2","4","4","2","4","4","2","4","3","4","2","2","4"
"162","",NA,"Finalizadas","14 maio 2014  16:19","14 maio 2014  16:50","30 minutos 59 segundos","Não","32","Feminino","Pós-graduação","Solteiro (a)",NA,"Pedagogia","Professora","Magistério","6 anos","Católica",NA,"Não","Sim","Escola",NA,"2","2","2","2","2","4","2","2","2","3","4","2","2","4","4","4","2","3","4","3","5","4","2","4","3","2","2","2","2","2","4","4","2","4","5","4","4","4","3","1","2","2"
"163","",NA,"Finalizadas","14 maio 2014  18:47","14 maio 2014  19:00","13 minutos 53 segundos","Sim","37","Feminino","Pós-graduação","Casado (a)",NA,"Professor de Educação Física","Professor","professor de educação básica","10","Católica",NA,"Sim","Sim","Família",NA,"1","2","2","1","2","2","2","2","4","2","4","2","2","2","5","2","2","4","2","1","4","2","2","4","2","2","2","2","1","1","4","4","2","4","5","4","4","4","2","2","2","2"
"164","",NA,"Finalizadas","14 maio 2014  20:05","14 maio 2014  20:29","24 minutos 2 segundos","Sim","27","Feminino","Pós-graduação","Casado (a)",NA,"Graduação e Mestrado em História","Professora",NA,"5","Evangélica",NA,"Não","Sim","Escola",NA,"2","2","2","2","2","2","2","2","1","2","2","1","1","4","4","2","2","2","3","2","4","1","2","4","2","2","2","2","2","2","4","4","2","4","5","3","4","4","2","1","1","1"
"165","",NA,"Finalizadas","14 maio 2014  21:32","14 maio 2014  21:52","20 minutos 12 segundos","Sim","47","Feminino","Pós-graduação","Casado (a)",NA,"Mestranda","Diretora e professora","Gestora escolar e professora","27","Católica",NA,"Não","Sim","Escola",NA,"2","3","4","1","2","2","2","2","1","1","2","3","3","1","5","2","2","3","2","3","5","1","3","4","4","1","1","1","1","1","5","5","2","4","4","3","5","5","1","1","1","2"
"166","",NA,"Finalizadas","14 maio 2014  21:51","14 maio 2014  22:03","11 minutos 31 segundos","Sim","44","Feminino","Pós-graduação","Divorciado (a)","Divorciada","Enfermeira","Enfermeira","Assistência e Educação","20","Católica","Católica","Sim","Sim","Serviços de Saúde","Serviços de saúde","2","3","4","2","2","2","2","2","2","1","2","2","2","3","4","2","1","4","2","2","4","2","3","4","2","2","2","2","2","2","4","4","3","4","4","4","2","3","2","1","2","2"
"167","",NA,"Em progresso","15 maio 2014  00:01",NA,NA,NA,NA,NA,NA,NA,NA,NA,NA,NA,NA,NA,NA,NA,NA,NA,NA,NA,NA,NA,NA,NA,NA,NA,NA,NA,NA,NA,NA,NA,NA,NA,NA,NA,NA,NA,NA,NA,NA,NA,NA,NA,NA,NA,NA,NA,NA,NA,NA,NA,NA,NA,NA,NA,NA,NA,NA,NA,NA
